{"episode": 99, "reward": 81.0, "loss": 0.12742841243743896, "epsilon": 0.6057704364907278, "_timestamp": 1717474873.377399, "_runtime": 5.804621934890747, "_step": 99, "_wandb": {"runtime": 5}}