{"episode": 99, "reward": 23.0, "loss": 0.49227243661880493, "epsilon": 0.6057704364907278, "_timestamp": 1717461812.588139, "_runtime": 5.416021108627319, "_step": 99, "_wandb": {"runtime": 5}}