{"episode": 99, "reward": 90.0, "loss": 0.1337103396654129, "epsilon": 0.6057704364907278, "_timestamp": 1717471028.046144, "_runtime": 5.722100019454956, "_step": 99, "_wandb": {"runtime": 5}}