{"episode": 99, "reward": 23.0, "loss": 0.09344746172428131, "epsilon": 0.6057704364907278, "_timestamp": 1717467670.724129, "_runtime": 7.0179970264434814, "_step": 99, "_wandb": {"runtime": 6}}