{"episode": 99, "reward": 122.0, "loss": 0.15048813819885254, "epsilon": 0.6057704364907278, "_timestamp": 1717468563.714781, "_runtime": 4.915205001831055, "_step": 99, "_wandb": {"runtime": 4}}