{"episode": 99, "reward": 27.0, "loss": 1.8694885969161987, "epsilon": 0.6057704364907278, "_timestamp": 1717463410.452481, "_runtime": 4.532256126403809, "_step": 99, "_wandb": {"runtime": 4}}