{"episode": 99, "reward": 147.0, "loss": 0.2665426433086395, "epsilon": 0.6057704364907278, "_timestamp": 1717470403.7094111, "_runtime": 8.589109182357788, "_step": 99, "_wandb": {"runtime": 8}}