{"episode": 99, "reward": 16.0, "loss": 0.06525302678346634, "epsilon": 0.6057704364907278, "_timestamp": 1717454590.445324, "_runtime": 6.168755054473877, "_step": 99, "_wandb": {"runtime": 5}}