{"episode": 99, "reward": 41.0, "loss": 0.8647732138633728, "epsilon": 0.6057704364907278, "_timestamp": 1717465984.5496268, "_runtime": 6.142762899398804, "_step": 99, "_wandb": {"runtime": 5}}