{"episode": 99, "reward": 59.0, "loss": 0.49487215280532837, "epsilon": 0.6057704364907278, "_timestamp": 1717455366.4617732, "_runtime": 5.03519606590271, "_step": 99, "_wandb": {"runtime": 4}}