{"episode": 99, "reward": 111.0, "loss": 0.7726388573646545, "epsilon": 0.6057704364907278, "_timestamp": 1717465883.287969, "_runtime": 6.10361123085022, "_step": 99, "_wandb": {"runtime": 5}}