{"episode": 99, "reward": 143.0, "loss": 0.052600689232349396, "epsilon": 0.6057704364907278, "_timestamp": 1717469539.490456, "_runtime": 5.293730020523071, "_step": 99, "_wandb": {"runtime": 4}}