{"episode": 99, "reward": 92.0, "loss": 0.19183708727359772, "epsilon": 0.6057704364907278, "_timestamp": 1717466450.8820648, "_runtime": 5.10419487953186, "_step": 99, "_wandb": {"runtime": 4}}