{"episode": 99, "reward": 125.0, "loss": 0.4159994423389435, "epsilon": 0.6057704364907278, "_timestamp": 1717466332.3933709, "_runtime": 5.362733840942383, "_step": 99, "_wandb": {"runtime": 5}}