{"episode": 99, "reward": 76.0, "loss": 0.41437554359436035, "epsilon": 0.6057704364907278, "_timestamp": 1717455258.5487301, "_runtime": 5.318568229675293, "_step": 99, "_wandb": {"runtime": 4}}