{"episode": 99, "reward": 34.0, "loss": 0.3136037588119507, "epsilon": 0.6057704364907278, "_timestamp": 1717463099.0381582, "_runtime": 5.431735277175903, "_step": 99, "_wandb": {"runtime": 5}}