{"episode": 99, "reward": 120.0, "loss": 0.6767683029174805, "epsilon": 0.6057704364907278, "_timestamp": 1717455527.100354, "_runtime": 11.440890073776245, "_step": 99, "_wandb": {"runtime": 10}}