{"episode": 99, "reward": 30.0, "loss": 1.2714693546295166, "epsilon": 0.6057704364907278, "_timestamp": 1717466841.22945, "_runtime": 5.383699893951416, "_step": 99, "_wandb": {"runtime": 4}}