{"episode": 99, "reward": 12.0, "loss": 0.2763562500476837, "epsilon": 0.6057704364907278, "_timestamp": 1717467413.390232, "_runtime": 5.051251173019409, "_step": 99, "_wandb": {"runtime": 4}}