{"episode": 99, "reward": 33.0, "loss": 1.0501385927200317, "epsilon": 0.6057704364907278, "_timestamp": 1717466357.0408351, "_runtime": 6.664190053939819, "_step": 99, "_wandb": {"runtime": 6}}