{"episode": 99, "reward": 64.0, "loss": 0.17683495581150055, "epsilon": 0.6057704364907278, "_timestamp": 1717470787.888389, "_runtime": 5.0290491580963135, "_step": 99, "_wandb": {"runtime": 4}}