{"episode": 99, "reward": 126.0, "loss": 1.1328392028808594, "epsilon": 0.6057704364907278, "_timestamp": 1717470108.9062028, "_runtime": 5.287675857543945, "_step": 99, "_wandb": {"runtime": 4}}