{"episode": 99, "reward": 45.0, "loss": 0.26560068130493164, "epsilon": 0.6057704364907278, "_timestamp": 1717474781.6239, "_runtime": 5.065650939941406, "_step": 99, "_wandb": {"runtime": 4}}