{"episode": 99, "reward": 149.0, "loss": 0.4083687663078308, "epsilon": 0.6057704364907278, "_timestamp": 1717465532.1024482, "_runtime": 4.718032121658325, "_step": 99, "_wandb": {"runtime": 4}}