{"episode": 99, "reward": 66.0, "loss": 0.3570636808872223, "epsilon": 0.6057704364907278, "_timestamp": 1717462323.120512, "_runtime": 5.0563061237335205, "_step": 99, "_wandb": {"runtime": 4}}