{"episode": 99, "reward": 15.0, "loss": 0.31021201610565186, "epsilon": 0.6057704364907278, "_timestamp": 1717471876.523786, "_runtime": 4.967501163482666, "_step": 99, "_wandb": {"runtime": 4}}