{"episode": 99, "reward": 52.0, "loss": 0.4415033161640167, "epsilon": 0.6057704364907278, "_timestamp": 1717467100.026474, "_runtime": 5.344799041748047, "_step": 99, "_wandb": {"runtime": 5}}