{"episode": 99, "reward": 41.0, "loss": 0.345403790473938, "epsilon": 0.6057704364907278, "_timestamp": 1717456585.263081, "_runtime": 686.7804751396179, "_step": 99, "_wandb": {"runtime": 685}}