{"episode": 99, "reward": 79.0, "loss": 1.1962733268737793, "epsilon": 0.6057704364907278, "_timestamp": 1717463696.733495, "_runtime": 5.139225006103516, "_step": 99, "_wandb": {"runtime": 4}}