{"episode": 99, "reward": 36.0, "loss": 0.08059551566839218, "epsilon": 0.6057704364907278, "_timestamp": 1717463727.598423, "_runtime": 4.7691919803619385, "_step": 99, "_wandb": {"runtime": 4}}