{"episode": 99, "reward": 79.0, "loss": 1.0374562740325928, "epsilon": 0.6057704364907278, "_timestamp": 1717471908.134042, "_runtime": 4.874263048171997, "_step": 99, "_wandb": {"runtime": 4}}