{"episode": 99, "reward": 85.0, "loss": 0.24351873993873596, "epsilon": 0.6057704364907278, "_timestamp": 1717475169.7195148, "_runtime": 5.634631872177124, "_step": 99, "_wandb": {"runtime": 5}}