{"episode": 99, "reward": 45.0, "loss": 0.21550634503364563, "epsilon": 0.6057704364907278, "_timestamp": 1717461974.223419, "_runtime": 5.145354986190796, "_step": 99, "_wandb": {"runtime": 4}}