{"episode": 99, "reward": 97.0, "loss": 0.16620607674121857, "epsilon": 0.6057704364907278, "_timestamp": 1717462029.3629498, "_runtime": 5.713692903518677, "_step": 99, "_wandb": {"runtime": 5}}