{"episode": 99, "reward": 200.0, "loss": 0.1360834240913391, "epsilon": 0.6057704364907278, "_timestamp": 1717465714.1358368, "_runtime": 5.383623838424683, "_step": 99, "_wandb": {"runtime": 4}}