{"episode": 99, "reward": 52.0, "loss": 0.13816463947296143, "epsilon": 0.6057704364907278, "_timestamp": 1717470203.195138, "_runtime": 4.936481952667236, "_step": 99, "_wandb": {"runtime": 4}}