{"episode": 99, "reward": 77.0, "loss": 0.09120044857263565, "epsilon": 0.6057704364907278, "_timestamp": 1717455547.734765, "_runtime": 6.395540952682495, "_step": 99, "_wandb": {"runtime": 6}}