{"episode": 99, "reward": 67.0, "loss": 0.9460060596466064, "epsilon": 0.6057704364907278, "_timestamp": 1717465174.386699, "_runtime": 7.314000844955444, "_step": 99, "_wandb": {"runtime": 6}}