{"episode": 99, "reward": 79.0, "loss": 0.18749545514583588, "epsilon": 0.6057704364907278, "_timestamp": 1717465089.423105, "_runtime": 6.58757209777832, "_step": 99, "_wandb": {"runtime": 6}}