{"episode": 99, "reward": 38.0, "loss": 0.09091348946094513, "epsilon": 0.6057704364907278, "_timestamp": 1717472196.429937, "_runtime": 5.046823978424072, "_step": 99, "_wandb": {"runtime": 4}}