{"episode": 99, "reward": 93.0, "loss": 0.10757911205291748, "epsilon": 0.6057704364907278, "_timestamp": 1717461721.748833, "_runtime": 6.682339906692505, "_step": 99, "_wandb": {"runtime": 5}}