{"episode": 99, "reward": 103.0, "loss": 0.16463755071163177, "epsilon": 0.6057704364907278, "_timestamp": 1717469523.5596511, "_runtime": 5.251632213592529, "_step": 99, "_wandb": {"runtime": 4}}