{"episode": 99, "reward": 51.0, "loss": 0.3482740521430969, "epsilon": 0.6057704364907278, "_timestamp": 1717463379.229418, "_runtime": 4.872473955154419, "_step": 99, "_wandb": {"runtime": 4}}