{"episode": 99, "reward": 40.0, "loss": 0.25217247009277344, "epsilon": 0.6057704364907278, "_timestamp": 1717465290.217494, "_runtime": 5.129698991775513, "_step": 99, "_wandb": {"runtime": 4}}