{"episode": 99, "reward": 150.0, "loss": 0.053355276584625244, "epsilon": 0.6057704364907278, "_timestamp": 1717466760.420864, "_runtime": 5.184248208999634, "_step": 99, "_wandb": {"runtime": 4}}