{"episode": 99, "reward": 44.0, "loss": 0.7155486345291138, "epsilon": 0.6057704364907278, "_timestamp": 1717462521.095024, "_runtime": 8.758101224899292, "_step": 99, "_wandb": {"runtime": 8}}