{"episode": 99, "reward": 33.0, "loss": 0.07589538395404816, "epsilon": 0.6057704364907278, "_timestamp": 1717462501.8643851, "_runtime": 5.158340215682983, "_step": 99, "_wandb": {"runtime": 4}}