{"episode": 99, "reward": 98.0, "loss": 0.025623034685850143, "epsilon": 0.6057704364907278, "_timestamp": 1717463293.252905, "_runtime": 5.3140199184417725, "_step": 99, "_wandb": {"runtime": 4}}