{"episode": 99, "reward": 104.0, "loss": 0.22445780038833618, "epsilon": 0.6057704364907278, "_timestamp": 1717464113.4917262, "_runtime": 6.4347052574157715, "_step": 99, "_wandb": {"runtime": 6}}