{"episode": 99, "reward": 22.0, "loss": 0.6898055672645569, "epsilon": 0.6057704364907278, "_timestamp": 1717470630.5377018, "_runtime": 5.263839960098267, "_step": 99, "_wandb": {"runtime": 4}}