{"episode": 99, "reward": 187.0, "loss": 1.5814768075942993, "epsilon": 0.6057704364907278, "_timestamp": 1717454610.531083, "_runtime": 5.895088195800781, "_step": 99, "_wandb": {"runtime": 5}}