{"episode": 99, "reward": 49.0, "loss": 0.22977006435394287, "epsilon": 0.6057704364907278, "_timestamp": 1717469816.789526, "_runtime": 4.9399518966674805, "_step": 99, "_wandb": {"runtime": 4}}