{"episode": 99, "reward": 49.0, "loss": 0.15752631425857544, "epsilon": 0.6057704364907278, "_timestamp": 1717465582.804464, "_runtime": 6.195731163024902, "_step": 99, "_wandb": {"runtime": 5}}