{"episode": 99, "reward": 30.0, "loss": 0.4390639066696167, "epsilon": 0.6057704364907278, "_timestamp": 1717470661.664744, "_runtime": 5.062574863433838, "_step": 99, "_wandb": {"runtime": 4}}