{"episode": 99, "reward": 21.0, "loss": 0.3835701644420624, "epsilon": 0.6057704364907278, "_timestamp": 1717469112.0776901, "_runtime": 5.0178542137146, "_step": 99, "_wandb": {"runtime": 4}}