{"episode": 99, "reward": 30.0, "loss": 0.201343834400177, "epsilon": 0.6057704364907278, "_timestamp": 1717464942.058649, "_runtime": 5.582064151763916, "_step": 99, "_wandb": {"runtime": 5}}