{"episode": 99, "reward": 66.0, "loss": 0.4282415509223938, "epsilon": 0.6057704364907278, "_timestamp": 1717465228.78576, "_runtime": 6.180678844451904, "_step": 99, "_wandb": {"runtime": 5}}