{"episode": 99, "reward": 73.0, "loss": 0.5225110650062561, "epsilon": 0.6057704364907278, "_timestamp": 1717474585.111302, "_runtime": 6.373878002166748, "_step": 99, "_wandb": {"runtime": 5}}