{"episode": 99, "reward": 59.0, "loss": 0.17869484424591064, "epsilon": 0.6057704364907278, "_timestamp": 1717472075.825543, "_runtime": 5.2242348194122314, "_step": 99, "_wandb": {"runtime": 4}}