{"episode": 99, "reward": 19.0, "loss": 0.1603442281484604, "epsilon": 0.6057704364907278, "_timestamp": 1717454978.645542, "_runtime": 5.537569999694824, "_step": 99, "_wandb": {"runtime": 5}}