{"episode": 99, "reward": 38.0, "loss": 0.18517178297042847, "epsilon": 0.6057704364907278, "_timestamp": 1717455398.149628, "_runtime": 4.981982946395874, "_step": 99, "_wandb": {"runtime": 4}}