{"episode": 99, "reward": 43.0, "loss": 0.036394696682691574, "epsilon": 0.6057704364907278, "_timestamp": 1717470515.588712, "_runtime": 5.288248062133789, "_step": 99, "_wandb": {"runtime": 4}}