{"episode": 99, "reward": 34.0, "loss": 0.08927728235721588, "epsilon": 0.6057704364907278, "_timestamp": 1717472123.929136, "_runtime": 5.383821964263916, "_step": 99, "_wandb": {"runtime": 5}}