{"episode": 99, "reward": 25.0, "loss": 0.05746918171644211, "epsilon": 0.6057704364907278, "_timestamp": 1717465617.192415, "_runtime": 5.3985490798950195, "_step": 99, "_wandb": {"runtime": 4}}