{"episode": 99, "reward": 54.0, "loss": 0.5294123291969299, "epsilon": 0.6057704364907278, "_timestamp": 1717462973.006966, "_runtime": 5.551377058029175, "_step": 99, "_wandb": {"runtime": 5}}