{"episode": 99, "reward": 98.0, "loss": 0.5473288893699646, "epsilon": 0.6057704364907278, "_timestamp": 1717470421.252749, "_runtime": 5.373517036437988, "_step": 99, "_wandb": {"runtime": 5}}