{"episode": 99, "reward": 71.0, "loss": 0.05965174734592438, "epsilon": 0.6057704364907278, "_timestamp": 1717472559.281218, "_runtime": 5.213685035705566, "_step": 99, "_wandb": {"runtime": 4}}