{"episode": 99, "reward": 14.0, "loss": 0.2976202070713043, "epsilon": 0.6057704364907278, "_timestamp": 1717467160.690055, "_runtime": 4.977864980697632, "_step": 99, "_wandb": {"runtime": 4}}