{"episode": 99, "reward": 15.0, "loss": 0.2556920051574707, "epsilon": 0.6057704364907278, "_timestamp": 1717464560.89342, "_runtime": 5.115004062652588, "_step": 99, "_wandb": {"runtime": 4}}