{"episode": 99, "reward": 29.0, "loss": 0.264633446931839, "epsilon": 0.6057704364907278, "_timestamp": 1717467129.4543731, "_runtime": 5.108521223068237, "_step": 99, "_wandb": {"runtime": 4}}