{"episode": 99, "reward": 25.0, "loss": 0.3253818452358246, "epsilon": 0.6057704364907278, "_timestamp": 1717465803.4434292, "_runtime": 5.262145280838013, "_step": 99, "_wandb": {"runtime": 4}}