{"episode": 99, "reward": 44.0, "loss": 0.432705283164978, "epsilon": 0.6057704364907278, "_timestamp": 1717463261.7630348, "_runtime": 5.285031795501709, "_step": 99, "_wandb": {"runtime": 4}}