{"episode": 99, "reward": 30.0, "loss": 0.18473359942436218, "epsilon": 0.6057704364907278, "_timestamp": 1717465732.088565, "_runtime": 7.964440107345581, "_step": 99, "_wandb": {"runtime": 7}}