{"episode": 99, "reward": 60.0, "loss": 0.1259022355079651, "epsilon": 0.6057704364907278, "_timestamp": 1717466237.525011, "_runtime": 5.218078136444092, "_step": 99, "_wandb": {"runtime": 4}}