{"episode": 9, "reward": 23.0, "loss": 1.9995007514953613, "epsilon": 0.9511101304657719, "_timestamp": 1717444078.70708, "_runtime": 2.7503058910369873, "_step": 9, "_wandb": {"runtime": 2}}