{"episode": 99, "reward": 34.0, "loss": 0.5255182981491089, "epsilon": 0.6057704364907278, "_timestamp": 1717472543.5154822, "_runtime": 5.135388135910034, "_step": 99, "_wandb": {"runtime": 4}}