{"episode": 99, "reward": 23.0, "loss": 0.7115231156349182, "epsilon": 0.6057704364907278, "_timestamp": 1717474845.9017348, "_runtime": 7.111511945724487, "_step": 99, "_wandb": {"runtime": 6}}