{"episode": 99, "reward": 24.0, "loss": 0.3523564636707306, "epsilon": 0.6057704364907278, "_timestamp": 1717474678.504416, "_runtime": 6.201210021972656, "_step": 99, "_wandb": {"runtime": 5}}