{"episode": 99, "reward": 73.0, "loss": 1.0272077322006226, "epsilon": 0.6057704364907278, "_timestamp": 1717468658.980984, "_runtime": 4.983536005020142, "_step": 99, "_wandb": {"runtime": 4}}