{"episode": 99, "reward": 18.0, "loss": 0.5030533671379089, "epsilon": 0.6057704364907278, "_timestamp": 1717465322.654606, "_runtime": 6.12416410446167, "_step": 99, "_wandb": {"runtime": 5}}