{"episode": 99, "reward": 17.0, "loss": 0.4085272252559662, "epsilon": 0.6057704364907278, "_timestamp": 1717474826.7350368, "_runtime": 8.938969850540161, "_step": 99, "_wandb": {"runtime": 8}}