{"episode": 99, "reward": 63.0, "loss": 0.04248780012130737, "epsilon": 0.6057704364907278, "_timestamp": 1717470598.9978082, "_runtime": 5.078953266143799, "_step": 99, "_wandb": {"runtime": 4}}