{"episode": 99, "reward": 75.0, "loss": 0.13506342470645905, "epsilon": 0.6057704364907278, "_timestamp": 1717467253.9339368, "_runtime": 5.419827938079834, "_step": 99, "_wandb": {"runtime": 5}}