{"episode": 99, "reward": 94.0, "loss": 0.46586504578590393, "epsilon": 0.6057704364907278, "_timestamp": 1717461990.4784372, "_runtime": 5.667778253555298, "_step": 99, "_wandb": {"runtime": 5}}