{"episode": 99, "reward": 51.0, "loss": 1.0984716415405273, "epsilon": 0.6057704364907278, "_timestamp": 1717462606.442194, "_runtime": 5.615782976150513, "_step": 99, "_wandb": {"runtime": 5}}