{"episode": 99, "reward": 45.0, "loss": 0.07161786407232285, "epsilon": 0.6057704364907278, "_timestamp": 1717470437.7406662, "_runtime": 6.115088224411011, "_step": 99, "_wandb": {"runtime": 5}}