{"episode": 99, "reward": 103.0, "loss": 0.3336745500564575, "epsilon": 0.6057704364907278, "_timestamp": 1717472386.4141362, "_runtime": 5.667755126953125, "_step": 99, "_wandb": {"runtime": 5}}