{"episode": 99, "reward": 137.0, "loss": 0.5179938673973083, "epsilon": 0.6057704364907278, "_timestamp": 1717472213.4822028, "_runtime": 5.888548851013184, "_step": 99, "_wandb": {"runtime": 5}}