{"episode": 99, "reward": 81.0, "loss": 0.7394189238548279, "epsilon": 0.6057704364907278, "_timestamp": 1717462251.969279, "_runtime": 5.495891094207764, "_step": 99, "_wandb": {"runtime": 5}}