{"episode": 99, "reward": 40.0, "loss": 0.07579430937767029, "epsilon": 0.6057704364907278, "_timestamp": 1717474923.1748412, "_runtime": 6.657037258148193, "_step": 99, "_wandb": {"runtime": 5}}