{"episode": 99, "reward": 57.0, "loss": 0.9949772953987122, "epsilon": 0.6057704364907278, "_timestamp": 1717454924.1686132, "_runtime": 7.470131158828735, "_step": 99, "_wandb": {"runtime": 7}}