{"episode": 99, "reward": 79.0, "loss": 0.2281883955001831, "epsilon": 0.6057704364907278, "_timestamp": 1717466943.38093, "_runtime": 5.457169055938721, "_step": 99, "_wandb": {"runtime": 5}}