{"episode": 99, "reward": 18.0, "loss": 0.26669877767562866, "epsilon": 0.6057704364907278, "_timestamp": 1717474996.904321, "_runtime": 6.794086933135986, "_step": 99, "_wandb": {"runtime": 6}}