{"episode": 99, "reward": 51.0, "loss": 0.22611325979232788, "epsilon": 0.6057704364907278, "_timestamp": 1717470187.595871, "_runtime": 5.104875087738037, "_step": 99, "_wandb": {"runtime": 4}}