{"episode": 99, "reward": 77.0, "loss": 0.5141539573669434, "epsilon": 0.6057704364907278, "_timestamp": 1717467537.1858208, "_runtime": 5.619305849075317, "_step": 99, "_wandb": {"runtime": 5}}