{"episode": 99, "reward": 72.0, "loss": 0.47854721546173096, "epsilon": 0.6057704364907278, "_timestamp": 1717455438.165803, "_runtime": 5.490294933319092, "_step": 99, "_wandb": {"runtime": 5}}