{"episode": 99, "reward": 23.0, "loss": 0.06609003245830536, "epsilon": 0.6057704364907278, "_timestamp": 1717471392.9572968, "_runtime": 5.422024965286255, "_step": 99, "_wandb": {"runtime": 4}}