{"episode": 99, "reward": 31.0, "loss": 0.22622141242027283, "epsilon": 0.6057704364907278, "_timestamp": 1717466714.968618, "_runtime": 5.446947813034058, "_step": 99, "_wandb": {"runtime": 5}}