{"episode": 99, "reward": 94.0, "loss": 0.1530626267194748, "epsilon": 0.6057704364907278, "_timestamp": 1717470042.621133, "_runtime": 5.732403039932251, "_step": 99, "_wandb": {"runtime": 5}}