{"episode": 99, "reward": 61.0, "loss": 0.5992701649665833, "epsilon": 0.6057704364907278, "_timestamp": 1717461943.19209, "_runtime": 5.517503976821899, "_step": 99, "_wandb": {"runtime": 5}}