{"episode": 99, "reward": 61.0, "loss": 0.23176604509353638, "epsilon": 0.6057704364907278, "_timestamp": 1717464925.896595, "_runtime": 5.578866958618164, "_step": 99, "_wandb": {"runtime": 5}}