{"episode": 99, "reward": 78.0, "loss": 0.7073109745979309, "epsilon": 0.6057704364907278, "_timestamp": 1717463606.126986, "_runtime": 5.9028589725494385, "_step": 99, "_wandb": {"runtime": 5}}