{"episode": 99, "reward": 77.0, "loss": 0.07541998475790024, "epsilon": 0.6057704364907278, "_timestamp": 1717462471.390191, "_runtime": 5.909444093704224, "_step": 99, "_wandb": {"runtime": 5}}