{"episode": 99, "reward": 46.0, "loss": 0.24933357536792755, "epsilon": 0.6057704364907278, "_timestamp": 1717465752.567343, "_runtime": 7.455627918243408, "_step": 99, "_wandb": {"runtime": 7}}