{"episode": 99, "reward": 12.0, "loss": 0.2864752411842346, "epsilon": 0.6057704364907278, "_timestamp": 1717470917.740504, "_runtime": 5.323046922683716, "_step": 99, "_wandb": {"runtime": 4}}