{"episode": 99, "reward": 38.0, "loss": 0.9324661493301392, "epsilon": 0.6057704364907278, "_timestamp": 1717455074.681622, "_runtime": 5.152161121368408, "_step": 99, "_wandb": {"runtime": 4}}