{"episode": 99, "reward": 13.0, "loss": 0.16478955745697021, "epsilon": 0.6057704364907278, "_timestamp": 1717471328.867296, "_runtime": 5.057794094085693, "_step": 99, "_wandb": {"runtime": 4}}