{"episode": 99, "reward": 109.0, "loss": 0.4079325199127197, "epsilon": 0.6057704364907278, "_timestamp": 1717468612.116174, "_runtime": 5.272319078445435, "_step": 99, "_wandb": {"runtime": 4}}