{"episode": 99, "reward": 30.0, "loss": 1.5991334915161133, "epsilon": 0.6057704364907278, "_timestamp": 1717468589.5437472, "_runtime": 8.229684114456177, "_step": 99, "_wandb": {"runtime": 7}}