{"episode": 99, "reward": 75.0, "loss": 0.2694254517555237, "epsilon": 0.6057704364907278, "_timestamp": 1717455867.542302, "_runtime": 5.426977872848511, "_step": 99, "_wandb": {"runtime": 5}}