{"episode": 99, "reward": 45.0, "loss": 0.08170291781425476, "epsilon": 0.6057704364907278, "_timestamp": 1717469471.300311, "_runtime": 5.145169973373413, "_step": 99, "_wandb": {"runtime": 4}}