{"episode": 99, "reward": 75.0, "loss": 0.5002495646476746, "epsilon": 0.6057704364907278, "_timestamp": 1717472307.868311, "_runtime": 5.356202840805054, "_step": 99, "_wandb": {"runtime": 5}}