{"episode": 99, "reward": 54.0, "loss": 0.11947095394134521, "epsilon": 0.6057704364907278, "_timestamp": 1717470171.82188, "_runtime": 5.120203018188477, "_step": 99, "_wandb": {"runtime": 4}}