{"episode": 99, "reward": 24.0, "loss": 0.6526376605033875, "epsilon": 0.6057704364907278, "_timestamp": 1717472165.178506, "_runtime": 4.9880077838897705, "_step": 99, "_wandb": {"runtime": 4}}