{"episode": 99, "reward": 39.0, "loss": 0.9414795637130737, "epsilon": 0.6057704364907278, "_timestamp": 1717465305.8669388, "_runtime": 5.088025808334351, "_step": 99, "_wandb": {"runtime": 4}}