{"episode": 99, "reward": 106.0, "loss": 0.20605632662773132, "epsilon": 0.6057704364907278, "_timestamp": 1717472448.4027252, "_runtime": 4.838842153549194, "_step": 99, "_wandb": {"runtime": 4}}