{"episode": 99, "reward": 34.0, "loss": 1.7942008972167969, "epsilon": 0.6057704364907278, "_timestamp": 1717471923.9694989, "_runtime": 5.078659772872925, "_step": 99, "_wandb": {"runtime": 4}}