{"episode": 99, "reward": 13.0, "loss": 0.3068835437297821, "epsilon": 0.6057704364907278, "_timestamp": 1717466023.1768909, "_runtime": 8.197641849517822, "_step": 99, "_wandb": {"runtime": 7}}