{"episode": 99, "reward": 91.0, "loss": 1.4805165529251099, "epsilon": 0.6057704364907278, "_timestamp": 1717466975.055577, "_runtime": 5.809828042984009, "_step": 99, "_wandb": {"runtime": 5}}