{"episode": 99, "reward": 11.0, "loss": 0.7267580628395081, "epsilon": 0.6057704364907278, "_timestamp": 1717461195.00268, "_runtime": 5.660046100616455, "_step": 99, "_wandb": {"runtime": 5}}