{"episode": 99, "reward": 114.0, "loss": 0.5573288798332214, "epsilon": 0.6057704364907278, "_timestamp": 1717469199.766388, "_runtime": 5.016733884811401, "_step": 99, "_wandb": {"runtime": 4}}