{"episode": 99, "reward": 36.0, "loss": 0.1698106825351715, "epsilon": 0.6057704364907278, "_timestamp": 1717468832.8485591, "_runtime": 5.935668230056763, "_step": 99, "_wandb": {"runtime": 5}}