{"episode": 99, "reward": 121.0, "loss": 0.05609845370054245, "epsilon": 0.6057704364907278, "_timestamp": 1717463067.188318, "_runtime": 5.3906409740448, "_step": 99, "_wandb": {"runtime": 4}}