{"episode": 99, "reward": 90.0, "loss": 0.4747493267059326, "epsilon": 0.6057704364907278, "_timestamp": 1717468643.716682, "_runtime": 5.745529890060425, "_step": 99, "_wandb": {"runtime": 5}}