{"episode": 99, "reward": 130.0, "loss": 0.6593602895736694, "epsilon": 0.6057704364907278, "_timestamp": 1717465697.780334, "_runtime": 5.696990966796875, "_step": 99, "_wandb": {"runtime": 5}}