{"episode": 99, "reward": 66.0, "loss": 0.1186513677239418, "epsilon": 0.6057704364907278, "_timestamp": 1717463162.0493062, "_runtime": 5.391738176345825, "_step": 99, "_wandb": {"runtime": 5}}