{"episode": 99, "reward": 26.0, "loss": 0.0776657834649086, "epsilon": 0.6057704364907278, "_timestamp": 1717462705.40452, "_runtime": 5.260545015335083, "_step": 99, "_wandb": {"runtime": 4}}