{"episode": 99, "reward": 84.0, "loss": 0.036959655582904816, "epsilon": 0.6057704364907278, "_timestamp": 1717463588.5809238, "_runtime": 5.26179575920105, "_step": 99, "_wandb": {"runtime": 4}}