{"episode": 99, "reward": 31.0, "loss": 0.2563040554523468, "epsilon": 0.6057704364907278, "_timestamp": 1717466103.396529, "_runtime": 5.557291030883789, "_step": 99, "_wandb": {"runtime": 5}}