{"episode": 99, "reward": 28.0, "loss": 0.26976048946380615, "epsilon": 0.6057704364907278, "_timestamp": 1717465208.884427, "_runtime": 5.252273082733154, "_step": 99, "_wandb": {"runtime": 4}}