{"episode": 99, "reward": 60.0, "loss": 0.5515328049659729, "epsilon": 0.6057704364907278, "_timestamp": 1717474565.0621881, "_runtime": 5.629530191421509, "_step": 99, "_wandb": {"runtime": 5}}