{"episode": 99, "reward": 129.0, "loss": 0.4049551784992218, "epsilon": 0.6057704364907278, "_timestamp": 1717469075.330197, "_runtime": 5.390245199203491, "_step": 99, "_wandb": {"runtime": 5}}