{"episode": 99, "reward": 136.0, "loss": 0.18461757898330688, "epsilon": 0.6057704364907278, "_timestamp": 1717466736.01985, "_runtime": 5.563705921173096, "_step": 99, "_wandb": {"runtime": 5}}