{"episode": 99, "reward": 32.0, "loss": 0.2953726649284363, "epsilon": 0.6057704364907278, "_timestamp": 1717455882.993192, "_runtime": 5.15711784362793, "_step": 99, "_wandb": {"runtime": 4}}