{"episode": 99, "reward": 28.0, "loss": 0.3462037146091461, "epsilon": 0.6057704364907278, "_timestamp": 1717455588.430279, "_runtime": 5.524477005004883, "_step": 99, "_wandb": {"runtime": 5}}