{"episode": 99, "reward": 99.0, "loss": 1.2423490285873413, "epsilon": 0.6057704364907278, "_timestamp": 1717462050.30158, "_runtime": 7.5595338344573975, "_step": 99, "_wandb": {"runtime": 7}}