{"episode": 99, "reward": 25.0, "loss": 0.9129704236984253, "epsilon": 0.6057704364907278, "_timestamp": 1717455195.6640189, "_runtime": 5.658498764038086, "_step": 99, "_wandb": {"runtime": 5}}