{"episode": 99, "reward": 58.0, "loss": 0.03652174398303032, "epsilon": 0.6057704364907278, "_timestamp": 1717467589.845651, "_runtime": 5.111193895339966, "_step": 99, "_wandb": {"runtime": 4}}