{"episode": 99, "reward": 95.0, "loss": 0.17154906690120697, "epsilon": 0.6057704364907278, "_timestamp": 1717468499.826568, "_runtime": 5.297303915023804, "_step": 99, "_wandb": {"runtime": 4}}