{"episode": 99, "reward": 26.0, "loss": 0.5604467391967773, "epsilon": 0.6057704364907278, "_timestamp": 1717468530.0266728, "_runtime": 5.708472728729248, "_step": 99, "_wandb": {"runtime": 5}}