{"episode": 99, "reward": 118.0, "loss": 0.07672752439975739, "epsilon": 0.6057704364907278, "_timestamp": 1717467380.1148438, "_runtime": 5.556119918823242, "_step": 99, "_wandb": {"runtime": 5}}