{"episode": 99, "reward": 14.0, "loss": 0.10592744499444962, "epsilon": 0.6057704364907278, "_timestamp": 1717469282.794121, "_runtime": 5.528403043746948, "_step": 99, "_wandb": {"runtime": 5}}