{"episode": 99, "reward": 44.0, "loss": 0.6871010065078735, "epsilon": 0.6057704364907278, "_timestamp": 1717462085.106362, "_runtime": 6.5160071849823, "_step": 99, "_wandb": {"runtime": 6}}