{"episode": 99, "reward": 70.0, "loss": 0.18286390602588654, "epsilon": 0.6057704364907278, "_timestamp": 1717471478.556499, "_runtime": 5.321741104125977, "_step": 99, "_wandb": {"runtime": 4}}