{"episode": 99, "reward": 62.0, "loss": 0.2977412939071655, "epsilon": 0.6057704364907278, "_timestamp": 1717463200.372394, "_runtime": 6.407132148742676, "_step": 99, "_wandb": {"runtime": 4}}