{"episode": 99, "reward": 167.0, "loss": 0.2519066035747528, "epsilon": 0.6057704364907278, "_timestamp": 1717467049.439531, "_runtime": 5.378602027893066, "_step": 99, "_wandb": {"runtime": 5}}