{"episode": 99, "reward": 124.0, "loss": 0.11759249120950699, "epsilon": 0.6057704364907278, "_timestamp": 1717475049.549524, "_runtime": 5.833683013916016, "_step": 99, "_wandb": {"runtime": 5}}