{"episode": 99, "reward": 31.0, "loss": 0.057601865381002426, "epsilon": 0.6057704364907278, "_timestamp": 1717468711.6345909, "_runtime": 5.414052963256836, "_step": 99, "_wandb": {"runtime": 5}}