{"episode": 99, "reward": 105.0, "loss": 0.21240004897117615, "epsilon": 0.6057704364907278, "_timestamp": 1717462439.444923, "_runtime": 8.330734968185425, "_step": 99, "_wandb": {"runtime": 7}}