{"episode": 99, "reward": 99.0, "loss": 0.6043000817298889, "epsilon": 0.6057704364907278, "_timestamp": 1717465051.288964, "_runtime": 5.199075937271118, "_step": 99, "_wandb": {"runtime": 4}}