{"episode": 99, "reward": 63.0, "loss": 0.3257562220096588, "epsilon": 0.6057704364907278, "_timestamp": 1717464484.6076171, "_runtime": 5.502133131027222, "_step": 99, "_wandb": {"runtime": 5}}