{"episode": 99, "reward": 56.0, "loss": 1.1238871812820435, "epsilon": 0.6057704364907278, "_timestamp": 1717455704.242502, "_runtime": 4.867553949356079, "_step": 99, "_wandb": {"runtime": 4}}