{"episode": 99, "reward": 99.0, "loss": 0.27062225341796875, "epsilon": 0.6057704364907278, "_timestamp": 1717462417.6251369, "_runtime": 12.474607944488525, "_step": 99, "_wandb": {"runtime": 11}}