{"episode": 99, "reward": 61.0, "loss": 0.2413346767425537, "epsilon": 0.6057704364907278, "_timestamp": 1717471992.924041, "_runtime": 5.354011058807373, "_step": 99, "_wandb": {"runtime": 4}}