{"episode": 99, "reward": 20.0, "loss": 0.43959298729896545, "epsilon": 0.6057704364907278, "_timestamp": 1717469684.619529, "_runtime": 5.030807018280029, "_step": 99, "_wandb": {"runtime": 4}}