{"episode": 99, "reward": 77.0, "loss": 0.30932697653770447, "epsilon": 0.6057704364907278, "_timestamp": 1717461958.268387, "_runtime": 5.018215179443359, "_step": 99, "_wandb": {"runtime": 4}}