{"episode": 99, "reward": 133.0, "loss": 0.15488074719905853, "epsilon": 0.6057704364907278, "_timestamp": 1717474804.889598, "_runtime": 5.304227828979492, "_step": 99, "_wandb": {"runtime": 4}}