{"episode": 99, "reward": 40.0, "loss": 0.33447596430778503, "epsilon": 0.6057704364907278, "_timestamp": 1717467653.357635, "_runtime": 5.276029109954834, "_step": 99, "_wandb": {"runtime": 4}}