{"episode": 99, "reward": 30.0, "loss": 0.34160512685775757, "epsilon": 0.6057704364907278, "_timestamp": 1717465897.817482, "_runtime": 5.196675062179565, "_step": 99, "_wandb": {"runtime": 4}}