{"episode": 99, "reward": 68.0, "loss": 0.4942129850387573, "epsilon": 0.6057704364907278, "_timestamp": 1717469507.5419362, "_runtime": 4.80508017539978, "_step": 99, "_wandb": {"runtime": 4}}