{"episode": 99, "reward": 104.0, "loss": 0.13585031032562256, "epsilon": 0.6057704364907278, "_timestamp": 1717465119.515937, "_runtime": 5.265542984008789, "_step": 99, "_wandb": {"runtime": 4}}