{"episode": 99, "reward": 95.0, "loss": 0.8055614233016968, "epsilon": 0.6057704364907278, "_timestamp": 1717463364.112192, "_runtime": 5.5883588790893555, "_step": 99, "_wandb": {"runtime": 5}}