{"episode": 99, "reward": 15.0, "loss": 0.8389706611633301, "epsilon": 0.6057704364907278, "_timestamp": 1717472527.521457, "_runtime": 4.79896092414856, "_step": 99, "_wandb": {"runtime": 4}}