{"episode": 99, "reward": 112.0, "loss": 0.5399182438850403, "epsilon": 0.6057704364907278, "_timestamp": 1717467199.0244591, "_runtime": 5.512111186981201, "_step": 99, "_wandb": {"runtime": 5}}