{"episode": 99, "reward": 50.0, "loss": 0.06461111456155777, "epsilon": 0.6057704364907278, "_timestamp": 1717474661.0948029, "_runtime": 6.860580921173096, "_step": 99, "_wandb": {"runtime": 6}}