{"episode": 99, "reward": 74.0, "loss": 0.4880364239215851, "epsilon": 0.6057704364907278, "_timestamp": 1717462388.633172, "_runtime": 6.0069639682769775, "_step": 99, "_wandb": {"runtime": 5}}