{"episode": 99, "reward": 49.0, "loss": 0.5025003552436829, "epsilon": 0.6057704364907278, "_timestamp": 1717469716.19558, "_runtime": 5.1941070556640625, "_step": 99, "_wandb": {"runtime": 4}}