{"episode": 99, "reward": 57.0, "loss": 1.512126088142395, "epsilon": 0.6057704364907278, "_timestamp": 1717463246.1660569, "_runtime": 5.267988920211792, "_step": 99, "_wandb": {"runtime": 4}}