{"episode": 99, "reward": 9.0, "loss": 0.13670392334461212, "epsilon": 0.6057704364907278, "_timestamp": 1717468627.486618, "_runtime": 4.966910123825073, "_step": 99, "_wandb": {"runtime": 4}}