{"episode": 99, "reward": 64.0, "loss": 0.0660967007279396, "epsilon": 0.6057704364907278, "_timestamp": 1717455789.0652108, "_runtime": 5.414366722106934, "_step": 99, "_wandb": {"runtime": 5}}