{"episode": 99, "reward": 103.0, "loss": 0.07006797939538956, "epsilon": 0.6057704364907278, "_timestamp": 1717465473.99998, "_runtime": 6.452708959579468, "_step": 99, "_wandb": {"runtime": 6}}