{"episode": 99, "reward": 37.0, "loss": 0.7271694540977478, "epsilon": 0.6057704364907278, "_timestamp": 1717475200.305666, "_runtime": 4.946793079376221, "_step": 99, "_wandb": {"runtime": 4}}