{"episode": 99, "reward": 35.0, "loss": 0.0630008727312088, "epsilon": 0.6057704364907278, "_timestamp": 1717467347.937289, "_runtime": 4.841586112976074, "_step": 99, "_wandb": {"runtime": 4}}