{"episode": 99, "reward": 30.0, "loss": 0.1722322553396225, "epsilon": 0.6057704364907278, "_timestamp": 1717470219.967475, "_runtime": 5.160254001617432, "_step": 99, "_wandb": {"runtime": 4}}