{"episode": 99, "reward": 29.0, "loss": 0.7430334687232971, "epsilon": 0.6057704364907278, "_timestamp": 1717462285.061236, "_runtime": 6.813817977905273, "_step": 99, "_wandb": {"runtime": 6}}