{"episode": 99, "reward": 15.0, "loss": 0.2528841197490692, "epsilon": 0.6057704364907278, "_timestamp": 1717471266.169579, "_runtime": 5.366775035858154, "_step": 99, "_wandb": {"runtime": 4}}