{"episode": 99, "reward": 46.0, "loss": 0.40463918447494507, "epsilon": 0.6057704364907278, "_timestamp": 1717455332.2155762, "_runtime": 5.457545280456543, "_step": 99, "_wandb": {"runtime": 5}}