{"episode": 99, "reward": 30.0, "loss": 0.2552533745765686, "epsilon": 0.6057704364907278, "_timestamp": 1717471297.650424, "_runtime": 5.085657119750977, "_step": 99, "_wandb": {"runtime": 4}}