{"episode": 99, "reward": 57.0, "loss": 0.0654633492231369, "epsilon": 0.6057704364907278, "_timestamp": 1717467068.7035651, "_runtime": 5.380634069442749, "_step": 99, "_wandb": {"runtime": 4}}