{"episode": 99, "reward": 36.0, "loss": 0.05340486764907837, "epsilon": 0.6057704364907278, "_timestamp": 1717468691.75131, "_runtime": 6.430599212646484, "_step": 99, "_wandb": {"runtime": 6}}