{"episode": 99, "reward": 35.0, "loss": 0.5948864221572876, "epsilon": 0.6057704364907278, "_timestamp": 1717455719.608796, "_runtime": 4.724985837936401, "_step": 99, "_wandb": {"runtime": 4}}