{"episode": 99, "reward": 87.0, "loss": 0.30458080768585205, "epsilon": 0.6057704364907278, "_timestamp": 1717471812.3476732, "_runtime": 6.4534752368927, "_step": 99, "_wandb": {"runtime": 6}}