{"episode": 99, "reward": 66.0, "loss": 0.4961508810520172, "epsilon": 0.6057704364907278, "_timestamp": 1717470851.822568, "_runtime": 5.549595832824707, "_step": 99, "_wandb": {"runtime": 5}}