{"episode": 99, "reward": 82.0, "loss": 0.07252442091703415, "epsilon": 0.6057704364907278, "_timestamp": 1717474514.80389, "_runtime": 7.348793983459473, "_step": 99, "_wandb": {"runtime": 5}}