{"episode": 99, "reward": 83.0, "loss": 0.09022273868322372, "epsilon": 0.6057704364907278, "_timestamp": 1717455133.7459111, "_runtime": 6.1461591720581055, "_step": 99, "_wandb": {"runtime": 5}}