{"episode": 99, "reward": 17.0, "loss": 0.062276605516672134, "epsilon": 0.6057704364907278, "_timestamp": 1717469137.9942138, "_runtime": 5.487562894821167, "_step": 99, "_wandb": {"runtime": 5}}