{"episode": 99, "reward": 155.0, "loss": 0.14353014528751373, "epsilon": 0.6057704364907278, "_timestamp": 1717469153.2489128, "_runtime": 5.388816833496094, "_step": 99, "_wandb": {"runtime": 5}}