{"episode": 99, "reward": 140.0, "loss": 0.053265802562236786, "epsilon": 0.6057704364907278, "_timestamp": 1717455660.3336709, "_runtime": 5.218967914581299, "_step": 99, "_wandb": {"runtime": 4}}