{"episode": 99, "reward": 83.0, "loss": 0.09696546196937561, "epsilon": 0.6057704364907278, "_timestamp": 1717474976.940981, "_runtime": 7.899293899536133, "_step": 99, "_wandb": {"runtime": 7}}