{"episode": 99, "reward": 66.0, "loss": 0.03961219638586044, "epsilon": 0.6057704364907278, "_timestamp": 1717463493.5267332, "_runtime": 5.2977612018585205, "_step": 99, "_wandb": {"runtime": 4}}