{"episode": 99, "reward": 63.0, "loss": 0.10972285270690918, "epsilon": 0.6057704364907278, "_timestamp": 1717462574.613655, "_runtime": 5.161879062652588, "_step": 99, "_wandb": {"runtime": 4}}