{"episode": 99, "reward": 72.0, "loss": 0.2550022602081299, "epsilon": 0.6057704364907278, "_timestamp": 1717468918.822217, "_runtime": 5.909636974334717, "_step": 99, "_wandb": {"runtime": 5}}