{"episode": 99, "reward": 145.0, "loss": 0.4338444769382477, "epsilon": 0.6057704364907278, "_timestamp": 1717455641.472579, "_runtime": 5.270899057388306, "_step": 99, "_wandb": {"runtime": 4}}