{"episode": 99, "reward": 15.0, "loss": 0.08675822615623474, "epsilon": 0.6057704364907278, "_timestamp": 1717455059.501608, "_runtime": 5.648732900619507, "_step": 99, "_wandb": {"runtime": 5}}