{"episode": 99, "reward": 47.0, "loss": 0.29580867290496826, "epsilon": 0.6057704364907278, "_timestamp": 1717466699.187287, "_runtime": 5.227777004241943, "_step": 99, "_wandb": {"runtime": 4}}