{"episode": 99, "reward": 19.0, "loss": 0.1379547268152237, "epsilon": 0.6057704364907278, "_timestamp": 1717455804.032773, "_runtime": 5.001177072525024, "_step": 99, "_wandb": {"runtime": 4}}