{"episode": 99, "reward": 59.0, "loss": 0.2919218838214874, "epsilon": 0.6057704364907278, "_timestamp": 1717469954.6807418, "_runtime": 5.577700853347778, "_step": 99, "_wandb": {"runtime": 5}}