{"episode": 99, "reward": 38.0, "loss": 0.5413495302200317, "epsilon": 0.6057704364907278, "_timestamp": 1717466384.866613, "_runtime": 6.414675951004028, "_step": 99, "_wandb": {"runtime": 6}}