{"episode": 99, "reward": 45.0, "loss": 0.8075706362724304, "epsilon": 0.6057704364907278, "_timestamp": 1717454817.496432, "_runtime": 5.152027130126953, "_step": 99, "_wandb": {"runtime": 4}}