{"episode": 99, "reward": 18.0, "loss": 0.36838865280151367, "epsilon": 0.6057704364907278, "_timestamp": 1717455483.4308422, "_runtime": 5.775079250335693, "_step": 99, "_wandb": {"runtime": 5}}