{"episode": 99, "reward": 15.0, "loss": 0.14964087307453156, "epsilon": 0.6057704364907278, "_timestamp": 1717454552.485041, "_runtime": 5.276691913604736, "_step": 99, "_wandb": {"runtime": 4}}