{"episode": 99, "reward": 37.0, "loss": 1.3186184167861938, "epsilon": 0.6057704364907278, "_timestamp": 1717462923.353645, "_runtime": 7.477591037750244, "_step": 99, "_wandb": {"runtime": 7}}