{"episode": 99, "reward": 47.0, "loss": 0.11677549034357071, "epsilon": 0.6057704364907278, "_timestamp": 1717470646.209446, "_runtime": 5.283808946609497, "_step": 99, "_wandb": {"runtime": 4}}