{"episode": 99, "reward": 16.0, "loss": 0.27058783173561096, "epsilon": 0.6057704364907278, "_timestamp": 1717462772.0973492, "_runtime": 8.105525255203247, "_step": 99, "_wandb": {"runtime": 7}}