{"episode": 99, "reward": 46.0, "loss": 0.2077498435974121, "epsilon": 0.6057704364907278, "_timestamp": 1717455163.61967, "_runtime": 5.076190948486328, "_step": 99, "_wandb": {"runtime": 4}}