{"episode": 99, "reward": 18.0, "loss": 1.3323074579238892, "epsilon": 0.6057704364907278, "_timestamp": 1717462590.212136, "_runtime": 5.292917013168335, "_step": 99, "_wandb": {"runtime": 4}}