{"episode": 99, "reward": 26.0, "loss": 0.08028443902730942, "epsilon": 0.6057704364907278, "_timestamp": 1717468849.264464, "_runtime": 6.779505014419556, "_step": 99, "_wandb": {"runtime": 6}}