{"episode": 99, "reward": 31.0, "loss": 0.11898332089185715, "epsilon": 0.6057704364907278, "_timestamp": 1717462367.727062, "_runtime": 5.367444038391113, "_step": 99, "_wandb": {"runtime": 5}}