{"episode": 99, "reward": 50.0, "loss": 0.9610512256622314, "epsilon": 0.6057704364907278, "_timestamp": 1717462338.5464802, "_runtime": 4.931004285812378, "_step": 99, "_wandb": {"runtime": 4}}