{"episode": 99, "reward": 54.0, "loss": 0.3468363583087921, "epsilon": 0.6057704364907278, "_timestamp": 1717465003.604258, "_runtime": 4.989320993423462, "_step": 99, "_wandb": {"runtime": 4}}