{"episode": 99, "reward": 52.0, "loss": 0.1754089593887329, "epsilon": 0.6057704364907278, "_timestamp": 1717469383.682625, "_runtime": 5.032253980636597, "_step": 99, "_wandb": {"runtime": 4}}