{"episode": 99, "reward": 107.0, "loss": 0.09723437577486038, "epsilon": 0.6057704364907278, "_timestamp": 1717455274.7892349, "_runtime": 6.0825958251953125, "_step": 99, "_wandb": {"runtime": 5}}