{"episode": 99, "reward": 54.0, "loss": 0.7295851707458496, "epsilon": 0.6057704364907278, "_timestamp": 1717466683.576531, "_runtime": 5.226968050003052, "_step": 99, "_wandb": {"runtime": 4}}