{"episode": 99, "reward": 18.0, "loss": 1.1355340480804443, "epsilon": 0.6057704364907278, "_timestamp": 1717466958.864258, "_runtime": 5.297713041305542, "_step": 99, "_wandb": {"runtime": 4}}