{"episode": 99, "reward": 97.0, "loss": 0.11153911799192429, "epsilon": 0.6057704364907278, "_timestamp": 1717455568.9784188, "_runtime": 6.673917770385742, "_step": 99, "_wandb": {"runtime": 6}}