{"episode": 99, "reward": 22.0, "loss": 1.4075130224227905, "epsilon": 0.6057704364907278, "_timestamp": 1717474766.38526, "_runtime": 5.280738115310669, "_step": 99, "_wandb": {"runtime": 4}}