{"episode": 99, "reward": 137.0, "loss": 0.3788258731365204, "epsilon": 0.6057704364907278, "_timestamp": 1717466872.9566, "_runtime": 5.2467310428619385, "_step": 99, "_wandb": {"runtime": 4}}