{"episode": 99, "reward": 111.0, "loss": 0.10096170008182526, "epsilon": 0.6057704364907278, "_timestamp": 1717469891.43639, "_runtime": 5.07096791267395, "_step": 99, "_wandb": {"runtime": 4}}