{"episode": 99, "reward": 111.0, "loss": 0.6656509637832642, "epsilon": 0.6057704364907278, "_timestamp": 1717463635.848416, "_runtime": 4.993510007858276, "_step": 99, "_wandb": {"runtime": 4}}