{"episode": 99, "reward": 87.0, "loss": 0.17130817472934723, "epsilon": 0.6057704364907278, "_timestamp": 1717475130.720573, "_runtime": 5.25605583190918, "_step": 99, "_wandb": {"runtime": 4}}