{"episode": 99, "reward": 38.0, "loss": 0.5795964598655701, "epsilon": 0.6057704364907278, "_timestamp": 1717471892.718283, "_runtime": 5.204216957092285, "_step": 99, "_wandb": {"runtime": 4}}