{"episode": 99, "reward": 41.0, "loss": 0.12242104858160019, "epsilon": 0.6057704364907278, "_timestamp": 1717470693.040823, "_runtime": 5.00178599357605, "_step": 99, "_wandb": {"runtime": 4}}