{"episode": 99, "reward": 50.0, "loss": 0.5559110045433044, "epsilon": 0.6057704364907278, "_timestamp": 1717455467.0764182, "_runtime": 4.910580158233643, "_step": 99, "_wandb": {"runtime": 4}}