{"episode": 99, "reward": 100.0, "loss": 0.5281415581703186, "epsilon": 0.6057704364907278, "_timestamp": 1717454943.1912289, "_runtime": 6.440622806549072, "_step": 99, "_wandb": {"runtime": 6}}