{"episode": 99, "reward": 17.0, "loss": 0.35847899317741394, "epsilon": 0.6057704364907278, "_timestamp": 1717462187.9574761, "_runtime": 6.439222097396851, "_step": 99, "_wandb": {"runtime": 6}}