{"episode": 99, "reward": 36.0, "loss": 0.08228246122598648, "epsilon": 0.6057704364907278, "_timestamp": 1717467333.0571818, "_runtime": 5.545555830001831, "_step": 99, "_wandb": {"runtime": 4}}