{"episode": 99, "reward": 81.0, "loss": 0.06514045596122742, "epsilon": 0.6057704364907278, "_timestamp": 1717466170.666396, "_runtime": 5.300762891769409, "_step": 99, "_wandb": {"runtime": 4}}