{"episode": 99, "reward": 47.0, "loss": 0.32394033670425415, "epsilon": 0.6057704364907278, "_timestamp": 1717464851.103403, "_runtime": 5.618693113327026, "_step": 99, "_wandb": {"runtime": 5}}