{"episode": 99, "reward": 75.0, "loss": 0.5645745992660522, "epsilon": 0.6057704364907278, "_timestamp": 1717454726.5127308, "_runtime": 7.436612844467163, "_step": 99, "_wandb": {"runtime": 7}}