{"episode": 99, "reward": 41.0, "loss": 1.0037397146224976, "epsilon": 0.6057704364907278, "_timestamp": 1717471238.289917, "_runtime": 5.431335926055908, "_step": 99, "_wandb": {"runtime": 5}}