{"episode": 99, "reward": 15.0, "loss": 0.24223007261753082, "epsilon": 0.6057704364907278, "_timestamp": 1717454570.768528, "_runtime": 6.870341062545776, "_step": 99, "_wandb": {"runtime": 5}}