{"episode": 99, "reward": 56.0, "loss": 0.06792621314525604, "epsilon": 0.6057704364907278, "_timestamp": 1717472291.8322282, "_runtime": 4.988343238830566, "_step": 99, "_wandb": {"runtime": 4}}