{"episode": 99, "reward": 15.0, "loss": 0.13802775740623474, "epsilon": 0.6057704364907278, "_timestamp": 1717469297.900831, "_runtime": 4.893388986587524, "_step": 99, "_wandb": {"runtime": 4}}