{"episode": 99, "reward": 58.0, "loss": 0.10377133637666702, "epsilon": 0.6057704364907278, "_timestamp": 1717463345.389334, "_runtime": 4.755702972412109, "_step": 99, "_wandb": {"runtime": 4}}