{"episode": 99, "reward": 17.0, "loss": 0.03264832869172096, "epsilon": 0.6057704364907278, "_timestamp": 1717474937.85742, "_runtime": 6.210712909698486, "_step": 99, "_wandb": {"runtime": 5}}