{"episode": 99, "reward": 85.0, "loss": 0.6764716506004333, "epsilon": 0.6057704364907278, "_timestamp": 1717468451.820603, "_runtime": 4.907441854476929, "_step": 99, "_wandb": {"runtime": 4}}