{"episode": 99, "reward": 97.0, "loss": 0.2851192057132721, "epsilon": 0.6057704364907278, "_timestamp": 1717454880.942601, "_runtime": 5.20749306678772, "_step": 99, "_wandb": {"runtime": 4}}