{"episode": 99, "reward": 110.0, "loss": 0.11476703733205795, "epsilon": 0.6057704364907278, "_timestamp": 1717454963.742033, "_runtime": 6.071073055267334, "_step": 99, "_wandb": {"runtime": 5}}