{"episode": 99, "reward": 81.0, "loss": 0.26296377182006836, "epsilon": 0.6057704364907278, "_timestamp": 1717472371.249422, "_runtime": 5.9030210971832275, "_step": 99, "_wandb": {"runtime": 5}}