{"episode": 99, "reward": 81.0, "loss": 0.40303823351860046, "epsilon": 0.6057704364907278, "_timestamp": 1717465915.597943, "_runtime": 6.669873952865601, "_step": 99, "_wandb": {"runtime": 6}}