{"episode": 99, "reward": 88.0, "loss": 0.3339068293571472, "epsilon": 0.6057704364907278, "_timestamp": 1717470772.2657201, "_runtime": 5.285221099853516, "_step": 99, "_wandb": {"runtime": 4}}