{"episode": 99, "reward": 33.0, "loss": 0.3622297942638397, "epsilon": 0.6057704364907278, "_timestamp": 1717466578.519383, "_runtime": 4.885369062423706, "_step": 99, "_wandb": {"runtime": 4}}