{"episode": 99, "reward": 81.0, "loss": 0.3027336299419403, "epsilon": 0.6057704364907278, "_timestamp": 1717466516.28673, "_runtime": 5.360814094543457, "_step": 99, "_wandb": {"runtime": 5}}