{"episode": 99, "reward": 33.0, "loss": 0.1801537573337555, "epsilon": 0.6057704364907278, "_timestamp": 1717469168.403767, "_runtime": 4.935240030288696, "_step": 99, "_wandb": {"runtime": 4}}