{"episode": 99, "reward": 88.0, "loss": 0.09600299596786499, "epsilon": 0.6057704364907278, "_timestamp": 1717467145.427952, "_runtime": 5.579064130783081, "_step": 99, "_wandb": {"runtime": 5}}