{"episode": 99, "reward": 200.0, "loss": 0.05239385366439819, "epsilon": 0.6057704364907278, "_timestamp": 1717472667.8257751, "_runtime": 5.705479145050049, "_step": 99, "_wandb": {"runtime": 5}}