{"episode": 99, "reward": 92.0, "loss": 0.025586366653442383, "epsilon": 0.6057704364907278, "_timestamp": 1717464972.862249, "_runtime": 5.705193996429443, "_step": 99, "_wandb": {"runtime": 5}}