{"episode": 99, "reward": 12.0, "loss": 0.6372207999229431, "epsilon": 0.6057704364907278, "_timestamp": 1717454770.7350771, "_runtime": 4.980717182159424, "_step": 99, "_wandb": {"runtime": 4}}