{"episode": 99, "reward": 87.0, "loss": 0.2740505337715149, "epsilon": 0.6057704364907278, "_timestamp": 1717464767.588921, "_runtime": 5.996093988418579, "_step": 99, "_wandb": {"runtime": 5}}