{"episode": 99, "reward": 33.0, "loss": 0.5785623788833618, "epsilon": 0.6057704364907278, "_timestamp": 1717469938.518771, "_runtime": 5.038398027420044, "_step": 99, "_wandb": {"runtime": 4}}