{"episode": 99, "reward": 21.0, "loss": 0.5062545537948608, "epsilon": 0.6057704364907278, "_timestamp": 1717469455.791072, "_runtime": 5.1758339405059814, "_step": 99, "_wandb": {"runtime": 4}}