{"episode": 99, "reward": 79.0, "loss": 0.5566552877426147, "epsilon": 0.6057704364907278, "_timestamp": 1717468468.398921, "_runtime": 5.349870920181274, "_step": 99, "_wandb": {"runtime": 4}}