{"episode": 99, "reward": 45.0, "loss": 0.055852435529232025, "epsilon": 0.6057704364907278, "_timestamp": 1717466139.897813, "_runtime": 5.720242023468018, "_step": 99, "_wandb": {"runtime": 5}}