{"episode": 99, "reward": 27.0, "loss": 0.10350415110588074, "epsilon": 0.6057704364907278, "_timestamp": 1717462790.9135392, "_runtime": 5.936949253082275, "_step": 99, "_wandb": {"runtime": 5}}