{"episode": 99, "reward": 37.0, "loss": 0.4008311927318573, "epsilon": 0.6057704364907278, "_timestamp": 1717454993.937484, "_runtime": 5.235927104949951, "_step": 99, "_wandb": {"runtime": 4}}