{"episode": 99, "reward": 14.0, "loss": 0.30956602096557617, "epsilon": 0.6057704364907278, "_timestamp": 1717467503.6250932, "_runtime": 4.986995220184326, "_step": 99, "_wandb": {"runtime": 4}}