{"episode": 99, "reward": 85.0, "loss": 0.0705004632472992, "epsilon": 0.6057704364907278, "_timestamp": 1717463526.6200771, "_runtime": 6.630662202835083, "_step": 99, "_wandb": {"runtime": 6}}