{"episode": 99, "reward": 16.0, "loss": 0.13749834895133972, "epsilon": 0.6057704364907278, "_timestamp": 1717471312.906263, "_runtime": 4.901498079299927, "_step": 99, "_wandb": {"runtime": 4}}