{"episode": 99, "reward": 98.0, "loss": 0.3015649616718292, "epsilon": 0.6057704364907278, "_timestamp": 1717454418.276073, "_runtime": 10.365654945373535, "_step": 99, "_wandb": {"runtime": 9}}