{"episode": 99, "reward": 78.0, "loss": 0.13310560584068298, "epsilon": 0.6057704364907278, "_timestamp": 1717454740.0109131, "_runtime": 5.357774019241333, "_step": 99, "_wandb": {"runtime": 4}}