{"episode": 99, "reward": 69.0, "loss": 0.3238188922405243, "epsilon": 0.6057704364907278, "_timestamp": 1717466775.9109929, "_runtime": 4.671297788619995, "_step": 99, "_wandb": {"runtime": 4}}