{"episode": 99, "reward": 44.0, "loss": 0.6796267032623291, "epsilon": 0.6057704364907278, "_timestamp": 1717454706.650742, "_runtime": 10.520501136779785, "_step": 99, "_wandb": {"runtime": 10}}