{"episode": 99, "reward": 115.0, "loss": 0.33566954731941223, "epsilon": 0.6057704364907278, "_timestamp": 1717463571.252675, "_runtime": 7.0062220096588135, "_step": 99, "_wandb": {"runtime": 6}}