{"episode": 99, "reward": 135.0, "loss": 0.5133854150772095, "epsilon": 0.6057704364907278, "_timestamp": 1717462837.441387, "_runtime": 5.194195985794067, "_step": 99, "_wandb": {"runtime": 4}}