{"episode": 99, "reward": 147.0, "loss": 0.31696781516075134, "epsilon": 0.6057704364907278, "_timestamp": 1717466910.446063, "_runtime": 5.948215007781982, "_step": 99, "_wandb": {"runtime": 5}}