{"episode": 99, "reward": 11.0, "loss": 0.1690976768732071, "epsilon": 0.6057704364907278, "_timestamp": 1717470741.059822, "_runtime": 5.5350751876831055, "_step": 99, "_wandb": {"runtime": 5}}