{"episode": 99, "reward": 91.0, "loss": 0.22707928717136383, "epsilon": 0.6057704364907278, "_timestamp": 1717471940.71047, "_runtime": 5.414113998413086, "_step": 99, "_wandb": {"runtime": 5}}