{"episode": 99, "reward": 103.0, "loss": 1.7155323028564453, "epsilon": 0.6057704364907278, "_timestamp": 1717465946.069097, "_runtime": 6.024979114532471, "_step": 99, "_wandb": {"runtime": 5}}