{"episode": 99, "reward": 39.0, "loss": 0.10654814541339874, "epsilon": 0.6057704364907278, "_timestamp": 1717463329.519568, "_runtime": 5.502093076705933, "_step": 99, "_wandb": {"runtime": 4}}