{"episode": 99, "reward": 25.0, "loss": 0.5232904553413391, "epsilon": 0.6057704364907278, "_timestamp": 1717466269.1027992, "_runtime": 5.316104173660278, "_step": 99, "_wandb": {"runtime": 4}}