{"episode": 99, "reward": 26.0, "loss": 0.12479289621114731, "epsilon": 0.6057704364907278, "_timestamp": 1717468879.188996, "_runtime": 5.065697193145752, "_step": 99, "_wandb": {"runtime": 4}}