{"episode": 99, "reward": 82.0, "loss": 0.5263737440109253, "epsilon": 0.6057704364907278, "_timestamp": 1717463461.115169, "_runtime": 4.973088979721069, "_step": 99, "_wandb": {"runtime": 4}}