{"episode": 99, "reward": 31.0, "loss": 0.2945764660835266, "epsilon": 0.6057704364907278, "_timestamp": 1717472612.661338, "_runtime": 5.098617076873779, "_step": 99, "_wandb": {"runtime": 4}}