{"episode": 99, "reward": 99.0, "loss": 0.5365161895751953, "epsilon": 0.6057704364907278, "_timestamp": 1717474955.156523, "_runtime": 7.0432140827178955, "_step": 99, "_wandb": {"runtime": 6}}