{"episode": 99, "reward": 153.0, "loss": 0.1878763735294342, "epsilon": 0.6057704364907278, "_timestamp": 1717465666.444819, "_runtime": 6.29573392868042, "_step": 99, "_wandb": {"runtime": 5}}