{"episode": 99, "reward": 51.0, "loss": 0.2106357365846634, "epsilon": 0.6057704364907278, "_timestamp": 1717464089.040789, "_runtime": 348.89675998687744, "_step": 99, "_wandb": {"runtime": 348}}