{"episode": 99, "reward": 63.0, "loss": 0.10037405043840408, "epsilon": 0.6057704364907278, "_timestamp": 1717462267.5437398, "_runtime": 5.375236749649048, "_step": 99, "_wandb": {"runtime": 5}}