{"episode": 99, "reward": 29.0, "loss": 0.18614549934864044, "epsilon": 0.6057704364907278, "_timestamp": 1717470320.509321, "_runtime": 5.894222021102905, "_step": 99, "_wandb": {"runtime": 5}}