{"episode": 99, "reward": 87.0, "loss": 0.13164450228214264, "epsilon": 0.6057704364907278, "_timestamp": 1717455113.117286, "_runtime": 6.747106075286865, "_step": 99, "_wandb": {"runtime": 6}}