{"episode": 99, "reward": 73.0, "loss": 0.11750926077365875, "epsilon": 0.6057704364907278, "_timestamp": 1717466631.4927459, "_runtime": 5.4616498947143555, "_step": 99, "_wandb": {"runtime": 5}}