{"episode": 99, "reward": 27.0, "loss": 0.15004295110702515, "epsilon": 0.6057704364907278, "_timestamp": 1717469732.9042618, "_runtime": 4.9552528858184814, "_step": 99, "_wandb": {"runtime": 4}}