{"episode": 99, "reward": 84.0, "loss": 0.2987526059150696, "epsilon": 0.6057704364907278, "_timestamp": 1717466065.403858, "_runtime": 8.871171951293945, "_step": 99, "_wandb": {"runtime": 8}}