{"episode": 99, "reward": 40.0, "loss": 0.12389852106571198, "epsilon": 0.6057704364907278, "_timestamp": 1717461782.232882, "_runtime": 6.381078004837036, "_step": 99, "_wandb": {"runtime": 6}}