{"episode": 99, "reward": 46.0, "loss": 0.08829615265130997, "epsilon": 0.6057704364907278, "_timestamp": 1717465457.355353, "_runtime": 5.335585117340088, "_step": 99, "_wandb": {"runtime": 4}}