{"episode": 99, "reward": 90.0, "loss": 0.2772512137889862, "epsilon": 0.6057704364907278, "_timestamp": 1717470484.22336, "_runtime": 5.518308162689209, "_step": 99, "_wandb": {"runtime": 5}}