{"episode": 99, "reward": 110.0, "loss": 0.27297136187553406, "epsilon": 0.6057704364907278, "_timestamp": 1717469184.7763891, "_runtime": 5.705807209014893, "_step": 99, "_wandb": {"runtime": 5}}