{"episode": 99, "reward": 70.0, "loss": 0.2980363070964813, "epsilon": 0.6057704364907278, "_timestamp": 1717472512.037277, "_runtime": 4.927279949188232, "_step": 99, "_wandb": {"runtime": 4}}