{"episode": 99, "reward": 112.0, "loss": 0.39820024371147156, "epsilon": 0.6057704364907278, "_timestamp": 1717465258.6263092, "_runtime": 4.957736253738403, "_step": 99, "_wandb": {"runtime": 4}}