{"episode": 99, "reward": 58.0, "loss": 0.22451665997505188, "epsilon": 0.6057704364907278, "_timestamp": 1717471457.8196428, "_runtime": 5.245522737503052, "_step": 99, "_wandb": {"runtime": 4}}