{"episode": 99, "reward": 33.0, "loss": 0.07120253890752792, "epsilon": 0.6057704364907278, "_timestamp": 1717471959.960066, "_runtime": 8.715028047561646, "_step": 99, "_wandb": {"runtime": 8}}