{"episode": 99, "reward": 135.0, "loss": 0.7870818376541138, "epsilon": 0.6057704364907278, "_timestamp": 1717465781.093272, "_runtime": 6.79212498664856, "_step": 99, "_wandb": {"runtime": 6}}