{"episode": 99, "reward": 80.0, "loss": 0.7963408827781677, "epsilon": 0.6057704364907278, "_timestamp": 1717464683.950482, "_runtime": 5.554017782211304, "_step": 99, "_wandb": {"runtime": 5}}