{"episode": 99, "reward": 69.0, "loss": 0.10734258592128754, "epsilon": 0.6057704364907278, "_timestamp": 1717467085.318903, "_runtime": 6.266012907028198, "_step": 99, "_wandb": {"runtime": 5}}