{"episode": 99, "reward": 200.0, "loss": 0.05336489900946617, "epsilon": 0.6057704364907278, "_timestamp": 1717465156.977134, "_runtime": 5.402959108352661, "_step": 99, "_wandb": {"runtime": 5}}