{"episode": 99, "reward": 31.0, "loss": 0.07451682537794113, "epsilon": 0.6057704364907278, "_timestamp": 1717464515.500004, "_runtime": 4.915532112121582, "_step": 99, "_wandb": {"runtime": 4}}