{"episode": 99, "reward": 42.0, "loss": 0.12898048758506775, "epsilon": 0.6057704364907278, "_timestamp": 1717470551.939053, "_runtime": 5.350622177124023, "_step": 99, "_wandb": {"runtime": 5}}