{"episode": 99, "reward": 92.0, "loss": 0.06127427518367767, "epsilon": 0.6057704364907278, "_timestamp": 1717462456.811362, "_runtime": 6.5455169677734375, "_step": 99, "_wandb": {"runtime": 6}}