{"episode": 99, "reward": 65.0, "loss": 0.12427014112472534, "epsilon": 0.6057704364907278, "_timestamp": 1717475185.468333, "_runtime": 5.812519073486328, "_step": 99, "_wandb": {"runtime": 5}}