{"episode": 99, "reward": 181.0, "loss": 0.754494845867157, "epsilon": 0.6057704364907278, "_timestamp": 1717469043.626318, "_runtime": 5.0451719760894775, "_step": 99, "_wandb": {"runtime": 4}}