{"episode": 99, "reward": 39.0, "loss": 0.13884422183036804, "epsilon": 0.6057704364907278, "_timestamp": 1717464956.531432, "_runtime": 5.028954029083252, "_step": 99, "_wandb": {"runtime": 4}}