{"episode": 99, "reward": 17.0, "loss": 0.12841302156448364, "epsilon": 0.6057704364907278, "_timestamp": 1717454534.939811, "_runtime": 8.480513095855713, "_step": 99, "_wandb": {"runtime": 8}}