{"episode": 99, "reward": 91.0, "loss": 0.3094029426574707, "epsilon": 0.6057704364907278, "_timestamp": 1717474494.353303, "_runtime": 6.957105875015259, "_step": 99, "_wandb": {"runtime": 6}}