{"episode": 99, "reward": 187.0, "loss": 0.11412422358989716, "epsilon": 0.6057704364907278, "_timestamp": 1717462658.6545641, "_runtime": 5.455754041671753, "_step": 99, "_wandb": {"runtime": 5}}