{"episode": 99, "reward": 14.0, "loss": 0.21184249222278595, "epsilon": 0.6057704364907278, "_timestamp": 1717466667.932298, "_runtime": 5.331279039382935, "_step": 99, "_wandb": {"runtime": 4}}