{"episode": 99, "reward": 21.0, "loss": 0.12917615473270416, "epsilon": 0.6057704364907278, "_timestamp": 1717463146.124347, "_runtime": 5.076456069946289, "_step": 99, "_wandb": {"runtime": 4}}