{"episode": 99, "reward": 33.0, "loss": 0.6276699900627136, "epsilon": 0.6057704364907278, "_timestamp": 1717455292.666662, "_runtime": 7.28910493850708, "_step": 99, "_wandb": {"runtime": 6}}