{"episode": 99, "reward": 69.0, "loss": 0.4520282745361328, "epsilon": 0.6057704364907278, "_timestamp": 1717465633.0236642, "_runtime": 5.52307915687561, "_step": 99, "_wandb": {"runtime": 5}}