{"episode": 99, "reward": 49.0, "loss": 0.07791993767023087, "epsilon": 0.6057704364907278, "_timestamp": 1717467605.948148, "_runtime": 5.353090047836304, "_step": 99, "_wandb": {"runtime": 4}}