{"episode": 99, "reward": 14.0, "loss": 0.414239764213562, "epsilon": 0.6057704364907278, "_timestamp": 1717475247.5361972, "_runtime": 20.762608289718628, "_step": 99, "_wandb": {"runtime": 20}}