{"episode": 99, "reward": 32.0, "loss": 0.6467949151992798, "epsilon": 0.6057704364907278, "_timestamp": 1717444165.083136, "_runtime": 2.6413919925689697, "_step": 99, "_wandb": {"runtime": 2}}