{"episode": 99, "reward": 136.0, "loss": 0.16681750118732452, "epsilon": 0.6057704364907278, "_timestamp": 1717469229.011724, "_runtime": 5.0816168785095215, "_step": 99, "_wandb": {"runtime": 4}}