{"episode": 99, "reward": 59.0, "loss": 1.0803003311157227, "epsilon": 0.6057704364907278, "_timestamp": 1717465193.592993, "_runtime": 5.339123010635376, "_step": 99, "_wandb": {"runtime": 4}}