{"episode": 99, "reward": 53.0, "loss": 0.4940164089202881, "epsilon": 0.6057704364907278, "_timestamp": 1717469570.502576, "_runtime": 4.893818140029907, "_step": 99, "_wandb": {"runtime": 4}}