{"episode": 99, "reward": 195.0, "loss": 0.33496183156967163, "epsilon": 0.6057704364907278, "_timestamp": 1717471344.816784, "_runtime": 5.140743017196655, "_step": 99, "_wandb": {"runtime": 4}}