{"episode": 99, "reward": 60.0, "loss": 0.1357460767030716, "epsilon": 0.6057704364907278, "_timestamp": 1717472091.321871, "_runtime": 4.962614059448242, "_step": 99, "_wandb": {"runtime": 4}}