{"episode": 99, "reward": 24.0, "loss": 0.27609947323799133, "epsilon": 0.6057704364907278, "_timestamp": 1717475094.9103842, "_runtime": 5.365187168121338, "_step": 99, "_wandb": {"runtime": 5}}