{"episode": 99, "reward": 27.0, "loss": 1.2675647735595703, "epsilon": 0.6057704364907278, "_timestamp": 1717464545.479219, "_runtime": 5.6085288524627686, "_step": 99, "_wandb": {"runtime": 5}}