{"episode": 99, "reward": 13.0, "loss": 0.5161799192428589, "epsilon": 0.6057704364907278, "_timestamp": 1717462644.186435, "_runtime": 5.507986068725586, "_step": 99, "_wandb": {"runtime": 5}}