{"episode": 99, "reward": 138.0, "loss": 0.23129017651081085, "epsilon": 0.6057704364907278, "_timestamp": 1717468749.253867, "_runtime": 6.212204933166504, "_step": 99, "_wandb": {"runtime": 5}}