{"episode": 99, "reward": 137.0, "loss": 0.439966082572937, "epsilon": 0.6057704364907278, "_timestamp": 1717472598.0813088, "_runtime": 5.787921905517578, "_step": 99, "_wandb": {"runtime": 5}}