{"episode": 99, "reward": 56.0, "loss": 0.728672981262207, "epsilon": 0.6057704364907278, "_timestamp": 1717470677.3698719, "_runtime": 5.039697885513306, "_step": 99, "_wandb": {"runtime": 4}}