{"episode": 99, "reward": 110.0, "loss": 0.04565935581922531, "epsilon": 0.6057704364907278, "_timestamp": 1717472480.9882188, "_runtime": 6.002658843994141, "_step": 99, "_wandb": {"runtime": 5}}