{"episode": 99, "reward": 53.0, "loss": 0.554497241973877, "epsilon": 0.6057704364907278, "_timestamp": 1717474694.647391, "_runtime": 6.474146127700806, "_step": 99, "_wandb": {"runtime": 6}}