{"episode": 99, "reward": 150.0, "loss": 1.0318472385406494, "epsilon": 0.6057704364907278, "_timestamp": 1717465517.607636, "_runtime": 5.513800859451294, "_step": 99, "_wandb": {"runtime": 5}}