{"episode": 99, "reward": 60.0, "loss": 0.41240161657333374, "epsilon": 0.6057704364907278, "_timestamp": 1717471425.017042, "_runtime": 5.054702997207642, "_step": 99, "_wandb": {"runtime": 4}}