{"episode": 99, "reward": 24.0, "loss": 0.08249811828136444, "epsilon": 0.6057704364907278, "_timestamp": 1717470077.457014, "_runtime": 5.255045175552368, "_step": 99, "_wandb": {"runtime": 4}}