{"episode": 99, "reward": 74.0, "loss": 0.09653383493423462, "epsilon": 0.6057704364907278, "_timestamp": 1717470935.767599, "_runtime": 5.740278005599976, "_step": 99, "_wandb": {"runtime": 5}}