{"episode": 99, "reward": 19.0, "loss": 0.4497809112071991, "epsilon": 0.6057704364907278, "_timestamp": 1717470971.639179, "_runtime": 5.061167001724243, "_step": 99, "_wandb": {"runtime": 4}}