{"episode": 99, "reward": 98.0, "loss": 0.07833340018987656, "epsilon": 0.6057704364907278, "_timestamp": 1717466809.6806989, "_runtime": 5.428546905517578, "_step": 99, "_wandb": {"runtime": 5}}