{"episode": 99, "reward": 53.0, "loss": 0.13312122225761414, "epsilon": 0.6057704364907278, "_timestamp": 1717467557.358569, "_runtime": 5.444028854370117, "_step": 99, "_wandb": {"runtime": 5}}