{"episode": 99, "reward": 81.0, "loss": 0.08354758471250534, "epsilon": 0.6057704364907278, "_timestamp": 1717471978.692117, "_runtime": 6.3866729736328125, "_step": 99, "_wandb": {"runtime": 6}}