{"episode": 99, "reward": 31.0, "loss": 0.3363683223724365, "epsilon": 0.6057704364907278, "_timestamp": 1717471058.815726, "_runtime": 5.17753005027771, "_step": 99, "_wandb": {"runtime": 4}}