{"episode": 99, "reward": 44.0, "loss": 0.32087695598602295, "epsilon": 0.6057704364907278, "_timestamp": 1717469059.354611, "_runtime": 5.257905006408691, "_step": 99, "_wandb": {"runtime": 4}}