{"episode": 99, "reward": 35.0, "loss": 0.13487569987773895, "epsilon": 0.6057704364907278, "_timestamp": 1717472701.302311, "_runtime": 5.36316704750061, "_step": 99, "_wandb": {"runtime": 4}}