{"episode": 99, "reward": 55.0, "loss": 0.09393765032291412, "epsilon": 0.6057704364907278, "_timestamp": 1717470061.928643, "_runtime": 5.6046669483184814, "_step": 99, "_wandb": {"runtime": 5}}