{"episode": 99, "reward": 136.0, "loss": 0.06911545246839523, "epsilon": 0.6057704364907278, "_timestamp": 1717470335.9829462, "_runtime": 5.914590120315552, "_step": 99, "_wandb": {"runtime": 5}}