{"episode": 99, "reward": 23.0, "loss": 0.19421856105327606, "epsilon": 0.6057704364907278, "_timestamp": 1717466563.310577, "_runtime": 5.431062936782837, "_step": 99, "_wandb": {"runtime": 5}}