{"episode": 99, "reward": 45.0, "loss": 0.3408049941062927, "epsilon": 0.6057704364907278, "_timestamp": 1717470819.4575858, "_runtime": 4.928701877593994, "_step": 99, "_wandb": {"runtime": 4}}