{"episode": 99, "reward": 87.0, "loss": 0.504257082939148, "epsilon": 0.6057704364907278, "_timestamp": 1717469833.2562199, "_runtime": 5.839250802993774, "_step": 99, "_wandb": {"runtime": 5}}