{"episode": 99, "reward": 17.0, "loss": 0.9063504934310913, "epsilon": 0.6057704364907278, "_timestamp": 1717463680.8363378, "_runtime": 5.0622947216033936, "_step": 99, "_wandb": {"runtime": 4}}