{"episode": 99, "reward": 99.0, "loss": 0.12349280714988708, "epsilon": 0.6057704364907278, "_timestamp": 1717466414.502624, "_runtime": 5.407238006591797, "_step": 99, "_wandb": {"runtime": 5}}