{"episode": 99, "reward": 21.0, "loss": 0.12230234593153, "epsilon": 0.6057704364907278, "_timestamp": 1717466316.8094091, "_runtime": 5.453131198883057, "_step": 99, "_wandb": {"runtime": 5}}