{"episode": 99, "reward": 11.0, "loss": 0.6452094912528992, "epsilon": 0.6057704364907278, "_timestamp": 1717462236.356042, "_runtime": 5.62379002571106, "_step": 99, "_wandb": {"runtime": 5}}