{"episode": 99, "reward": 45.0, "loss": 0.10234534740447998, "epsilon": 0.6057704364907278, "_timestamp": 1717454658.940693, "_runtime": 7.0573999881744385, "_step": 99, "_wandb": {"runtime": 5}}