{"episode": 99, "reward": 59.0, "loss": 0.6060333847999573, "epsilon": 0.6057704364907278, "_timestamp": 1717464611.83709, "_runtime": 5.429049968719482, "_step": 99, "_wandb": {"runtime": 5}}