{"episode": 99, "reward": 149.0, "loss": 0.049333151429891586, "epsilon": 0.6057704364907278, "_timestamp": 1717469653.441324, "_runtime": 5.2745161056518555, "_step": 99, "_wandb": {"runtime": 4}}