{"episode": 99, "reward": 13.0, "loss": 0.8227958083152771, "epsilon": 0.6057704364907278, "_timestamp": 1717470724.6905391, "_runtime": 4.802346229553223, "_step": 99, "_wandb": {"runtime": 4}}