{"episode": 99, "reward": 56.0, "loss": 0.09475685656070709, "epsilon": 0.6057704364907278, "_timestamp": 1717468863.428159, "_runtime": 5.238295078277588, "_step": 99, "_wandb": {"runtime": 4}}