{"episode": 99, "reward": 13.0, "loss": 0.4783899188041687, "epsilon": 0.6057704364907278, "_timestamp": 1717455771.7540932, "_runtime": 8.566956281661987, "_step": 99, "_wandb": {"runtime": 7}}