{"episode": 99, "reward": 63.0, "loss": 0.541958749294281, "epsilon": 0.6057704364907278, "_timestamp": 1717463183.353739, "_runtime": 5.283793926239014, "_step": 99, "_wandb": {"runtime": 4}}