{"episode": 99, "reward": 10.0, "loss": 0.1770416796207428, "epsilon": 0.6057704364907278, "_timestamp": 1717475079.058506, "_runtime": 5.44702410697937, "_step": 99, "_wandb": {"runtime": 5}}