{"episode": 99, "reward": 150.0, "loss": 0.10939407348632812, "epsilon": 0.6057704364907278, "_timestamp": 1717472323.231545, "_runtime": 5.041840076446533, "_step": 99, "_wandb": {"runtime": 4}}