{"episode": 99, "reward": 84.0, "loss": 0.10718928277492523, "epsilon": 0.6057704364907278, "_timestamp": 1717475113.1233711, "_runtime": 5.486237049102783, "_step": 99, "_wandb": {"runtime": 5}}