{"episode": 99, "reward": 13.0, "loss": 0.08053473383188248, "epsilon": 0.6057704364907278, "_timestamp": 1717464195.630809, "_runtime": 5.223080158233643, "_step": 99, "_wandb": {"runtime": 4}}