{"episode": 99, "reward": 36.0, "loss": 0.42503347992897034, "epsilon": 0.6057704364907278, "_timestamp": 1717470288.659648, "_runtime": 5.559782028198242, "_step": 99, "_wandb": {"runtime": 5}}