{"episode": 99, "reward": 27.0, "loss": 0.07208707183599472, "epsilon": 0.6057704364907278, "_timestamp": 1717469770.2379231, "_runtime": 5.479907035827637, "_step": 99, "_wandb": {"runtime": 5}}