{"episode": 99, "reward": 30.0, "loss": 0.16937100887298584, "epsilon": 0.6057704364907278, "_timestamp": 1717472181.095072, "_runtime": 5.282664060592651, "_step": 99, "_wandb": {"runtime": 4}}