{"episode": 99, "reward": 146.0, "loss": 0.10165431350469589, "epsilon": 0.6057704364907278, "_timestamp": 1717463082.822079, "_runtime": 5.083377838134766, "_step": 99, "_wandb": {"runtime": 4}}