{"episode": 99, "reward": 90.0, "loss": 0.06522944569587708, "epsilon": 0.6057704364907278, "_timestamp": 1717472060.37492, "_runtime": 5.489657878875732, "_step": 99, "_wandb": {"runtime": 5}}