{"episode": 99, "reward": 20.0, "loss": 0.19494423270225525, "epsilon": 0.6057704364907278, "_timestamp": 1717465377.9421499, "_runtime": 5.717063903808594, "_step": 99, "_wandb": {"runtime": 5}}