{"episode": 99, "reward": 108.0, "loss": 0.06691812723875046, "epsilon": 0.6057704364907278, "_timestamp": 1717454512.5577002, "_runtime": 6.257355213165283, "_step": 99, "_wandb": {"runtime": 5}}