{"episode": 99, "reward": 55.0, "loss": 0.28733474016189575, "epsilon": 0.6057704364907278, "_timestamp": 1717462673.5505018, "_runtime": 4.880791902542114, "_step": 99, "_wandb": {"runtime": 4}}