{"episode": 99, "reward": 103.0, "loss": 0.1668122410774231, "epsilon": 0.6057704364907278, "_timestamp": 1717472043.762374, "_runtime": 5.098315000534058, "_step": 99, "_wandb": {"runtime": 4}}