{"episode": 99, "reward": 32.0, "loss": 0.7192696928977966, "epsilon": 0.6057704364907278, "_timestamp": 1717463619.9576058, "_runtime": 4.637959957122803, "_step": 99, "_wandb": {"runtime": 4}}