{"episode": 99, "reward": 111.0, "loss": 0.3399307131767273, "epsilon": 0.6057704364907278, "_timestamp": 1717464835.0980291, "_runtime": 10.39761209487915, "_step": 99, "_wandb": {"runtime": 10}}