{"episode": 99, "reward": 127.0, "loss": 1.7871443033218384, "epsilon": 0.6057704364907278, "_timestamp": 1717455313.208691, "_runtime": 5.970752954483032, "_step": 99, "_wandb": {"runtime": 5}}