{"episode": 99, "reward": 108.0, "loss": 0.11282429099082947, "epsilon": 0.6057704364907278, "_timestamp": 1717455414.032755, "_runtime": 5.020938873291016, "_step": 99, "_wandb": {"runtime": 4}}