{"episode": 99, "reward": 43.0, "loss": 0.6528211236000061, "epsilon": 0.6057704364907278, "_timestamp": 1717465274.635423, "_runtime": 5.32961106300354, "_step": 99, "_wandb": {"runtime": 4}}