{"episode": 99, "reward": 73.0, "loss": 0.0883384495973587, "epsilon": 0.6057704364907278, "_timestamp": 1717471360.416356, "_runtime": 5.03665018081665, "_step": 99, "_wandb": {"runtime": 4}}