{"episode": 99, "reward": 15.0, "loss": 0.06320668011903763, "epsilon": 0.6057704364907278, "_timestamp": 1717464149.6991098, "_runtime": 6.399235725402832, "_step": 99, "_wandb": {"runtime": 6}}