{"episode": 99, "reward": 13.0, "loss": 0.8311104774475098, "epsilon": 0.6057704364907278, "_timestamp": 1717464736.108757, "_runtime": 5.804562091827393, "_step": 99, "_wandb": {"runtime": 5}}