{"episode": 99, "reward": 83.0, "loss": 0.46628955006599426, "epsilon": 0.6057704364907278, "_timestamp": 1717463004.135495, "_runtime": 5.3794660568237305, "_step": 99, "_wandb": {"runtime": 5}}