{"episode": 99, "reward": 36.0, "loss": 0.26311102509498596, "epsilon": 0.6057704364907278, "_timestamp": 1717462105.050132, "_runtime": 5.4500250816345215, "_step": 99, "_wandb": {"runtime": 5}}