{"episode": 99, "reward": 54.0, "loss": 0.11845031380653381, "epsilon": 0.6057704364907278, "_timestamp": 1717468729.4397519, "_runtime": 5.29233980178833, "_step": 99, "_wandb": {"runtime": 4}}