{"episode": 99, "reward": 54.0, "loss": 0.4279778003692627, "epsilon": 0.6057704364907278, "_timestamp": 1717465818.575028, "_runtime": 4.857754945755005, "_step": 99, "_wandb": {"runtime": 4}}