{"episode": 99, "reward": 34.0, "loss": 0.0606609508395195, "epsilon": 0.6057704364907278, "_timestamp": 1717469245.4204779, "_runtime": 5.817040920257568, "_step": 99, "_wandb": {"runtime": 5}}