{"episode": 99, "reward": 24.0, "loss": 0.8407936096191406, "epsilon": 0.6057704364907278, "_timestamp": 1717466500.326167, "_runtime": 5.05203104019165, "_step": 99, "_wandb": {"runtime": 4}}