{"episode": 99, "reward": 173.0, "loss": 0.8568652272224426, "epsilon": 0.6057704364907278, "_timestamp": 1717468965.009086, "_runtime": 5.1264259815216064, "_step": 99, "_wandb": {"runtime": 4}}