{"episode": 99, "reward": 21.0, "loss": 0.7754818201065063, "epsilon": 0.6057704364907278, "_timestamp": 1717470273.846797, "_runtime": 6.347085952758789, "_step": 99, "_wandb": {"runtime": 5}}