{"episode": 99, "reward": 20.0, "loss": 0.5245886445045471, "epsilon": 0.6057704364907278, "_timestamp": 1717472147.7484999, "_runtime": 7.87691593170166, "_step": 99, "_wandb": {"runtime": 7}}