{"episode": 99, "reward": 14.0, "loss": 0.3773461580276489, "epsilon": 0.6057704364907278, "_timestamp": 1717469970.060683, "_runtime": 5.184485912322998, "_step": 99, "_wandb": {"runtime": 4}}