{"episode": 99, "reward": 25.0, "loss": 0.07688537985086441, "epsilon": 0.6057704364907278, "_timestamp": 1717464702.124832, "_runtime": 7.2089269161224365, "_step": 99, "_wandb": {"runtime": 6}}