{"episode": 99, "reward": 61.0, "loss": 0.16654197871685028, "epsilon": 0.6057704364907278, "_timestamp": 1717461741.438747, "_runtime": 6.220329999923706, "_step": 99, "_wandb": {"runtime": 5}}