{"episode": 99, "reward": 25.0, "loss": 0.8748474717140198, "epsilon": 0.6057704364907278, "_timestamp": 1717466206.367649, "_runtime": 5.669149160385132, "_step": 99, "_wandb": {"runtime": 5}}