{"episode": 99, "reward": 50.0, "loss": 0.0623917281627655, "epsilon": 0.6057704364907278, "_timestamp": 1717470252.398299, "_runtime": 7.030804872512817, "_step": 99, "_wandb": {"runtime": 6}}