{"episode": 99, "reward": 37.0, "loss": 0.39659592509269714, "epsilon": 0.6057704364907278, "_timestamp": 1717461908.5392199, "_runtime": 6.737761974334717, "_step": 99, "_wandb": {"runtime": 6}}