{"episode": 99, "reward": 19.0, "loss": 0.37148338556289673, "epsilon": 0.6057704364907278, "_timestamp": 1717462896.354361, "_runtime": 9.619807004928589, "_step": 99, "_wandb": {"runtime": 9}}