{"episode": 99, "reward": 24.0, "loss": 0.24186977744102478, "epsilon": 0.6057704364907278, "_timestamp": 1717465835.455521, "_runtime": 5.673456192016602, "_step": 99, "_wandb": {"runtime": 5}}