{"episode": 99, "reward": 43.0, "loss": 0.9104589819908142, "epsilon": 0.6057704364907278, "_timestamp": 1717462486.649767, "_runtime": 5.660276889801025, "_step": 99, "_wandb": {"runtime": 5}}