{"episode": 99, "reward": 109.0, "loss": 0.33747124671936035, "epsilon": 0.6057704364907278, "_timestamp": 1717469700.0080068, "_runtime": 4.79226279258728, "_step": 99, "_wandb": {"runtime": 4}}