{"episode": 99, "reward": 186.0, "loss": 0.2780624032020569, "epsilon": 0.6057704364907278, "_timestamp": 1717455009.816535, "_runtime": 5.340950012207031, "_step": 99, "_wandb": {"runtime": 4}}