{"episode": 99, "reward": 141.0, "loss": 0.07471825927495956, "epsilon": 0.6057704364907278, "_timestamp": 1717454802.4963589, "_runtime": 5.376626968383789, "_step": 99, "_wandb": {"runtime": 5}}