{"episode": 99, "reward": 20.0, "loss": 0.4239242970943451, "epsilon": 0.6057704364907278, "_timestamp": 1717475264.129888, "_runtime": 5.566946029663086, "_step": 99, "_wandb": {"runtime": 5}}