{"episode": 99, "reward": 117.0, "loss": 0.540007472038269, "epsilon": 0.6057704364907278, "_timestamp": 1717466155.1629739, "_runtime": 5.410019874572754, "_step": 99, "_wandb": {"runtime": 4}}