{"episode": 99, "reward": 68.0, "loss": 0.15468813478946686, "epsilon": 0.6057704364907278, "_timestamp": 1717455835.618459, "_runtime": 4.895792007446289, "_step": 99, "_wandb": {"runtime": 4}}