{"episode": 99, "reward": 90.0, "loss": 0.10023164004087448, "epsilon": 0.6057704364907278, "_timestamp": 1717465868.295116, "_runtime": 5.58558201789856, "_step": 99, "_wandb": {"runtime": 5}}