{"episode": 99, "reward": 47.0, "loss": 0.05686921253800392, "epsilon": 0.6057704364907278, "_timestamp": 1717455604.609146, "_runtime": 6.188921213150024, "_step": 99, "_wandb": {"runtime": 5}}