{"episode": 99, "reward": 71.0, "loss": 0.10997472703456879, "epsilon": 0.6057704364907278, "_timestamp": 1717465104.088789, "_runtime": 5.1399290561676025, "_step": 99, "_wandb": {"runtime": 4}}