{"episode": 99, "reward": 20.0, "loss": 0.5220054984092712, "epsilon": 0.6057704364907278, "_timestamp": 1717462689.4714592, "_runtime": 5.115445137023926, "_step": 99, "_wandb": {"runtime": 4}}