{"episode": 99, "reward": 94.0, "loss": 0.0877753496170044, "epsilon": 0.6057704364907278, "_timestamp": 1717466042.3789, "_runtime": 7.229112148284912, "_step": 99, "_wandb": {"runtime": 6}}