{"episode": 99, "reward": 54.0, "loss": 0.15422256290912628, "epsilon": 0.6057704364907278, "_timestamp": 1717462151.863416, "_runtime": 4.843369960784912, "_step": 99, "_wandb": {"runtime": 4}}