{"episode": 99, "reward": 147.0, "loss": 0.4618380665779114, "epsilon": 0.6057704364907278, "_timestamp": 1717469028.076525, "_runtime": 5.1948630809783936, "_step": 99, "_wandb": {"runtime": 4}}