{"episode": 99, "reward": 38.0, "loss": 0.20470589399337769, "epsilon": 0.6057704364907278, "_timestamp": 1717465650.2020428, "_runtime": 5.799670934677124, "_step": 99, "_wandb": {"runtime": 5}}