{"episode": 99, "reward": 32.0, "loss": 0.4727945327758789, "epsilon": 0.6057704364907278, "_timestamp": 1717472230.487995, "_runtime": 6.381878852844238, "_step": 99, "_wandb": {"runtime": 6}}