{"episode": 99, "reward": 26.0, "loss": 0.03986429423093796, "epsilon": 0.6057704364907278, "_timestamp": 1717461890.611305, "_runtime": 5.947468042373657, "_step": 99, "_wandb": {"runtime": 5}}