{"episode": 99, "reward": 44.0, "loss": 0.060755930840969086, "epsilon": 0.6057704364907278, "_timestamp": 1717464500.711118, "_runtime": 5.623697996139526, "_step": 99, "_wandb": {"runtime": 5}}