{"episode": 99, "reward": 30.0, "loss": 0.08731887489557266, "epsilon": 0.6057704364907278, "_timestamp": 1717463426.534747, "_runtime": 4.763109922409058, "_step": 99, "_wandb": {"runtime": 4}}