{"episode": 99, "reward": 23.0, "loss": 0.1690984070301056, "epsilon": 0.6057704364907278, "_timestamp": 1717466889.5203662, "_runtime": 5.9406092166900635, "_step": 99, "_wandb": {"runtime": 5}}