{"episode": 99, "reward": 42.0, "loss": 0.07393304258584976, "epsilon": 0.6057704364907278, "_timestamp": 1717471408.710685, "_runtime": 5.520108938217163, "_step": 99, "_wandb": {"runtime": 5}}