{"episode": 99, "reward": 49.0, "loss": 0.9168077707290649, "epsilon": 0.6057704364907278, "_timestamp": 1717475063.3824608, "_runtime": 5.5189208984375, "_step": 99, "_wandb": {"runtime": 5}}