{"episode": 99, "reward": 16.0, "loss": 0.22064603865146637, "epsilon": 0.6057704364907278, "_timestamp": 1717462805.5309849, "_runtime": 4.976219892501831, "_step": 99, "_wandb": {"runtime": 4}}