{"episode": 99, "reward": 82.0, "loss": 0.6958375573158264, "epsilon": 0.6057704364907278, "_timestamp": 1717467471.0363111, "_runtime": 5.456025123596191, "_step": 99, "_wandb": {"runtime": 5}}