{"episode": 99, "reward": 62.0, "loss": 0.2876439094543457, "epsilon": 0.6057704364907278, "_timestamp": 1717463712.0963252, "_runtime": 4.913805246353149, "_step": 99, "_wandb": {"runtime": 4}}