{"episode": 99, "reward": 73.0, "loss": 0.2921241521835327, "epsilon": 0.6057704364907278, "_timestamp": 1717455149.2446258, "_runtime": 6.223279714584351, "_step": 99, "_wandb": {"runtime": 5}}