{"episode": 99, "reward": 26.0, "loss": 0.10037888586521149, "epsilon": 0.6057704364907278, "_timestamp": 1717464243.0143528, "_runtime": 5.463265895843506, "_step": 99, "_wandb": {"runtime": 4}}