{"episode": 99, "reward": 103.0, "loss": 0.41304948925971985, "epsilon": 0.6057704364907278, "_timestamp": 1717474719.4433012, "_runtime": 5.630540132522583, "_step": 99, "_wandb": {"runtime": 5}}