{"episode": 99, "reward": 21.0, "loss": 0.05455072224140167, "epsilon": 0.6057704364907278, "_timestamp": 1717470353.510981, "_runtime": 7.446561098098755, "_step": 99, "_wandb": {"runtime": 7}}