{"episode": 99, "reward": 20.0, "loss": 0.46290433406829834, "epsilon": 0.6057704364907278, "_timestamp": 1717455226.355026, "_runtime": 5.155769109725952, "_step": 99, "_wandb": {"runtime": 4}}