{"episode": 99, "reward": 100.0, "loss": 0.08954977244138718, "epsilon": 0.6057704364907278, "_timestamp": 1717468545.091372, "_runtime": 5.368925094604492, "_step": 99, "_wandb": {"runtime": 5}}