{"episode": 99, "reward": 34.0, "loss": 0.13307085633277893, "epsilon": 0.6057704364907278, "_timestamp": 1717462875.919036, "_runtime": 5.687460899353027, "_step": 99, "_wandb": {"runtime": 5}}