{"episode": 99, "reward": 151.0, "loss": 0.03278616443276405, "epsilon": 0.6057704364907278, "_timestamp": 1717471220.52955, "_runtime": 6.692098140716553, "_step": 99, "_wandb": {"runtime": 6}}