{"episode": 99, "reward": 38.0, "loss": 0.5351613163948059, "epsilon": 0.6057704364907278, "_timestamp": 1717463019.828162, "_runtime": 5.263170003890991, "_step": 99, "_wandb": {"runtime": 4}}