{"episode": 99, "reward": 100.0, "loss": 0.06490673124790192, "epsilon": 0.6057704364907278, "_timestamp": 1717466610.569451, "_runtime": 5.352142095565796, "_step": 99, "_wandb": {"runtime": 4}}