{"episode": 99, "reward": 44.0, "loss": 0.08697283267974854, "epsilon": 0.6057704364907278, "_timestamp": 1717467363.890576, "_runtime": 5.040628910064697, "_step": 99, "_wandb": {"runtime": 4}}