{"episode": 99, "reward": 10.0, "loss": 0.2629120945930481, "epsilon": 0.6057704364907278, "_timestamp": 1717470567.616796, "_runtime": 4.990754127502441, "_step": 99, "_wandb": {"runtime": 4}}