{"episode": 99, "reward": 30.0, "loss": 0.25947296619415283, "epsilon": 0.6057704364907278, "_timestamp": 1717467317.599605, "_runtime": 5.609833002090454, "_step": 99, "_wandb": {"runtime": 5}}