{"episode": 99, "reward": 32.0, "loss": 0.5889275074005127, "epsilon": 0.6057704364907278, "_timestamp": 1717468895.340357, "_runtime": 5.1947619915008545, "_step": 99, "_wandb": {"runtime": 4}}