{"episode": 99, "reward": 113.0, "loss": 0.2085682600736618, "epsilon": 0.6057704364907278, "_timestamp": 1717466187.0651782, "_runtime": 5.76024603843689, "_step": 99, "_wandb": {"runtime": 5}}