{"episode": 99, "reward": 56.0, "loss": 0.12649884819984436, "epsilon": 0.6057704364907278, "_timestamp": 1717474644.077146, "_runtime": 5.530079126358032, "_step": 99, "_wandb": {"runtime": 5}}