{"episode": 99, "reward": 21.0, "loss": 0.6420490145683289, "epsilon": 0.6057704364907278, "_timestamp": 1717469785.466203, "_runtime": 5.140531063079834, "_step": 99, "_wandb": {"runtime": 4}}