{"episode": 99, "reward": 65.0, "loss": 0.4714391827583313, "epsilon": 0.6057704364907278, "_timestamp": 1717461796.87692, "_runtime": 5.263664960861206, "_step": 99, "_wandb": {"runtime": 4}}