{"episode": 99, "reward": 30.0, "loss": 0.48543891310691833, "epsilon": 0.6057704364907278, "_timestamp": 1717467237.678807, "_runtime": 4.932523965835571, "_step": 99, "_wandb": {"runtime": 4}}