{"episode": 99, "reward": 78.0, "loss": 0.3865496516227722, "epsilon": 0.6057704364907278, "_timestamp": 1717463229.9247282, "_runtime": 4.974923133850098, "_step": 99, "_wandb": {"runtime": 4}}