{"episode": 99, "reward": 81.0, "loss": 0.19973339140415192, "epsilon": 0.6057704364907278, "_timestamp": 1717469622.154312, "_runtime": 5.175538778305054, "_step": 99, "_wandb": {"runtime": 4}}