{"episode": 99, "reward": 18.0, "loss": 0.3493468463420868, "epsilon": 0.6057704364907278, "_timestamp": 1717469906.996099, "_runtime": 4.9089720249176025, "_step": 99, "_wandb": {"runtime": 4}}