{"episode": 99, "reward": 45.0, "loss": 1.0703030824661255, "epsilon": 0.6057704364907278, "_timestamp": 1717467431.652095, "_runtime": 7.046667098999023, "_step": 99, "_wandb": {"runtime": 6}}