{"episode": 99, "reward": 72.0, "loss": 0.38926899433135986, "epsilon": 0.6057704364907278, "_timestamp": 1717464751.7138329, "_runtime": 5.33096981048584, "_step": 99, "_wandb": {"runtime": 4}}