{"episode": 99, "reward": 78.0, "loss": 0.11062272638082504, "epsilon": 0.6057704364907278, "_timestamp": 1717467178.34125, "_runtime": 6.333907842636108, "_step": 99, "_wandb": {"runtime": 5}}