{"episode": 99, "reward": 80.0, "loss": 0.11761307716369629, "epsilon": 0.6057704364907278, "_timestamp": 1717469439.913718, "_runtime": 5.0483479499816895, "_step": 99, "_wandb": {"runtime": 4}}