{"episode": 99, "reward": 64.0, "loss": 0.36888542771339417, "epsilon": 0.6057704364907278, "_timestamp": 1717469424.2274492, "_runtime": 5.172515153884888, "_step": 99, "_wandb": {"runtime": 4}}