{"episode": 99, "reward": 137.0, "loss": 0.22459116578102112, "epsilon": 0.6057704364907278, "_timestamp": 1717471043.5295439, "_runtime": 5.400938987731934, "_step": 99, "_wandb": {"runtime": 5}}