{"episode": 99, "reward": 142.0, "loss": 0.2722478210926056, "epsilon": 0.6057704364907278, "_timestamp": 1717455382.989723, "_runtime": 5.36355996131897, "_step": 99, "_wandb": {"runtime": 4}}