{"episode": 99, "reward": 97.0, "loss": 0.47999078035354614, "epsilon": 0.6057704364907278, "_timestamp": 1717474904.6388988, "_runtime": 5.797611951828003, "_step": 99, "_wandb": {"runtime": 5}}