{"episode": 99, "reward": 22.0, "loss": 0.5074005126953125, "epsilon": 0.6057704364907278, "_timestamp": 1717454787.928628, "_runtime": 5.985481023788452, "_step": 99, "_wandb": {"runtime": 5}}