{"episode": 99, "reward": 87.0, "loss": 0.2663984000682831, "epsilon": 0.6057704364907278, "_timestamp": 1717472245.7232902, "_runtime": 5.581367254257202, "_step": 99, "_wandb": {"runtime": 5}}