{"episode": 99, "reward": 14.0, "loss": 0.7838560342788696, "epsilon": 0.6057704364907278, "_timestamp": 1717475031.8241851, "_runtime": 5.544663190841675, "_step": 99, "_wandb": {"runtime": 5}}