{"episode": 99, "reward": 75.0, "loss": 0.42984893918037415, "epsilon": 0.6057704364907278, "_timestamp": 1717472647.9221828, "_runtime": 7.533037900924683, "_step": 99, "_wandb": {"runtime": 7}}