{"episode": 99, "reward": 17.0, "loss": 0.3915954530239105, "epsilon": 0.6057704364907278, "_timestamp": 1717472401.4048471, "_runtime": 5.045546054840088, "_step": 99, "_wandb": {"runtime": 4}}