{"episode": 99, "reward": 79.0, "loss": 0.11053834110498428, "epsilon": 0.6057704364907278, "_timestamp": 1717455851.7629051, "_runtime": 5.245743036270142, "_step": 99, "_wandb": {"runtime": 4}}