{"episode": 99, "reward": 21.0, "loss": 0.24679812788963318, "epsilon": 0.6057704364907278, "_timestamp": 1717463547.8463628, "_runtime": 9.744778871536255, "_step": 99, "_wandb": {"runtime": 9}}