{"episode": 99, "reward": 54.0, "loss": 0.2919553220272064, "epsilon": 0.6057704364907278, "_timestamp": 1717462737.013136, "_runtime": 5.114085912704468, "_step": 99, "_wandb": {"runtime": 4}}