{"episode": 99, "reward": 98.0, "loss": 0.3849223852157593, "epsilon": 0.6057704364907278, "_timestamp": 1717467637.3304791, "_runtime": 5.1751792430877686, "_step": 99, "_wandb": {"runtime": 4}}