{"episode": 99, "reward": 56.0, "loss": 0.23890206217765808, "epsilon": 0.6057704364907278, "_timestamp": 1717454899.002121, "_runtime": 7.883058071136475, "_step": 99, "_wandb": {"runtime": 7}}