{"episode": 99, "reward": 34.0, "loss": 1.544723391532898, "epsilon": 0.6057704364907278, "_timestamp": 1717470092.805433, "_runtime": 4.715273141860962, "_step": 99, "_wandb": {"runtime": 4}}