{"episode": 99, "reward": 40.0, "loss": 0.1017480343580246, "epsilon": 0.6057704364907278, "_timestamp": 1717454755.315022, "_runtime": 5.129828929901123, "_step": 99, "_wandb": {"runtime": 4}}