{"episode": 99, "reward": 151.0, "loss": 0.40117549896240234, "epsilon": 0.6057704364907278, "_timestamp": 1717454849.626614, "_runtime": 5.733036041259766, "_step": 99, "_wandb": {"runtime": 5}}