{"episode": 99, "reward": 123.0, "loss": 0.08035657554864883, "epsilon": 0.6057704364907278, "_timestamp": 1717466595.588128, "_runtime": 6.1236231327056885, "_step": 99, "_wandb": {"runtime": 5}}