{"episode": 99, "reward": 98.0, "loss": 0.6315343379974365, "epsilon": 0.6057704364907278, "_timestamp": 1717469668.705732, "_runtime": 4.83587121963501, "_step": 99, "_wandb": {"runtime": 4}}