{"episode": 99, "reward": 53.0, "loss": 0.7888408899307251, "epsilon": 0.6057704364907278, "_timestamp": 1717469923.091692, "_runtime": 5.205142021179199, "_step": 99, "_wandb": {"runtime": 4}}