{"episode": 99, "reward": 45.0, "loss": 0.3072777986526489, "epsilon": 0.6057704364907278, "_timestamp": 1717462136.454154, "_runtime": 5.274287939071655, "_step": 99, "_wandb": {"runtime": 4}}