{"episode": 99, "reward": 36.0, "loss": 0.8341109752655029, "epsilon": 0.6057704364907278, "_timestamp": 1717467269.9854012, "_runtime": 5.562335252761841, "_step": 99, "_wandb": {"runtime": 5}}