{"episode": 99, "reward": 80.0, "loss": 0.08136827498674393, "epsilon": 0.6057704364907278, "_timestamp": 1717472262.009214, "_runtime": 5.82157301902771, "_step": 99, "_wandb": {"runtime": 5}}