{"episode": 99, "reward": 57.0, "loss": 0.45955514907836914, "epsilon": 0.6057704364907278, "_timestamp": 1717463114.403651, "_runtime": 5.1495139598846436, "_step": 99, "_wandb": {"runtime": 4}}