{"episode": 99, "reward": 67.0, "loss": 0.15968570113182068, "epsilon": 0.6057704364907278, "_timestamp": 1717467519.933663, "_runtime": 5.286473989486694, "_step": 99, "_wandb": {"runtime": 4}}