{"episode": 99, "reward": 131.0, "loss": 0.10239347815513611, "epsilon": 0.6057704364907278, "_timestamp": 1717469360.4326038, "_runtime": 4.892675876617432, "_step": 99, "_wandb": {"runtime": 4}}