{"episode": 99, "reward": 157.0, "loss": 0.23338158428668976, "epsilon": 0.6057704364907278, "_timestamp": 1717469096.714635, "_runtime": 5.438701868057251, "_step": 99, "_wandb": {"runtime": 5}}