{"episode": 99, "reward": 163.0, "loss": 0.15678273141384125, "epsilon": 0.6057704364907278, "_timestamp": 1717465548.9427588, "_runtime": 5.513372898101807, "_step": 99, "_wandb": {"runtime": 5}}