{"episode": 99, "reward": 71.0, "loss": 0.050753191113471985, "epsilon": 0.6057704364907278, "_timestamp": 1717466793.473897, "_runtime": 5.140276908874512, "_step": 99, "_wandb": {"runtime": 4}}