{"episode": 99, "reward": 9.0, "loss": 0.05671380087733269, "epsilon": 0.6057704364907278, "_timestamp": 1717464798.1758149, "_runtime": 5.196257829666138, "_step": 99, "_wandb": {"runtime": 4}}