{"episode": 99, "reward": 137.0, "loss": 0.5934274196624756, "epsilon": 0.6057704364907278, "_timestamp": 1717467220.9870908, "_runtime": 5.649650812149048, "_step": 99, "_wandb": {"runtime": 5}}