{"episode": 99, "reward": 133.0, "loss": 1.589715600013733, "epsilon": 0.6057704364907278, "_timestamp": 1717465141.0162718, "_runtime": 5.545620918273926, "_step": 99, "_wandb": {"runtime": 5}}