{"episode": 99, "reward": 56.0, "loss": 0.4502570629119873, "epsilon": 0.6057704364907278, "_timestamp": 1717455211.0527282, "_runtime": 5.465648174285889, "_step": 99, "_wandb": {"runtime": 5}}