{"episode": 99, "reward": 93.0, "loss": 0.05683734267950058, "epsilon": 0.6057704364907278, "_timestamp": 1717464294.605053, "_runtime": 4.9824059009552, "_step": 99, "_wandb": {"runtime": 4}}