{"episode": 99, "reward": 22.0, "loss": 0.08015704154968262, "epsilon": 0.6057704364907278, "_timestamp": 1717464326.443936, "_runtime": 5.174959182739258, "_step": 99, "_wandb": {"runtime": 4}}