{"episode": 99, "reward": 26.0, "loss": 0.3640138506889343, "epsilon": 0.6057704364907278, "_timestamp": 1717454439.853481, "_runtime": 6.356894016265869, "_step": 99, "_wandb": {"runtime": 5}}