{"episode": 99, "reward": 21.0, "loss": 0.08139996230602264, "epsilon": 0.6057704364907278, "_timestamp": 1717469866.023045, "_runtime": 5.6923911571502686, "_step": 99, "_wandb": {"runtime": 5}}