{"episode": 99, "reward": 23.0, "loss": 0.7434483170509338, "epsilon": 0.6057704364907278, "_timestamp": 1717469801.052642, "_runtime": 4.926113128662109, "_step": 99, "_wandb": {"runtime": 4}}