{"episode": 99, "reward": 117.0, "loss": 0.29764607548713684, "epsilon": 0.6057704364907278, "_timestamp": 1717464987.761728, "_runtime": 4.933297157287598, "_step": 99, "_wandb": {"runtime": 4}}