{"episode": 99, "reward": 31.0, "loss": 0.05690555274486542, "epsilon": 0.6057704364907278, "_timestamp": 1717469492.073051, "_runtime": 5.175489902496338, "_step": 99, "_wandb": {"runtime": 4}}