{"episode": 99, "reward": 19.0, "loss": 0.7246296405792236, "epsilon": 0.6057704364907278, "_timestamp": 1717464721.682871, "_runtime": 6.8453919887542725, "_step": 99, "_wandb": {"runtime": 5}}