{"episode": 99, "reward": 56.0, "loss": 0.1060832142829895, "epsilon": 0.6057704364907278, "_timestamp": 1717467396.135565, "_runtime": 5.739091157913208, "_step": 99, "_wandb": {"runtime": 5}}