{"episode": 99, "reward": 24.0, "loss": 0.3413068354129791, "epsilon": 0.6057704364907278, "_timestamp": 1717468675.59928, "_runtime": 6.003267049789429, "_step": 99, "_wandb": {"runtime": 5}}