{"episode": 99, "reward": 13.0, "loss": 0.11501483619213104, "epsilon": 0.6057704364907278, "_timestamp": 1717464891.351936, "_runtime": 5.886397123336792, "_step": 99, "_wandb": {"runtime": 5}}