{"episode": 99, "reward": 103.0, "loss": 0.11554752290248871, "epsilon": 0.6057704364907278, "_timestamp": 1717455689.513531, "_runtime": 5.613183975219727, "_step": 99, "_wandb": {"runtime": 5}}