{"episode": 99, "reward": 130.0, "loss": 0.06551673263311386, "epsilon": 0.6057704364907278, "_timestamp": 1717466398.62757, "_runtime": 5.308931827545166, "_step": 99, "_wandb": {"runtime": 4}}