{"episode": 99, "reward": 186.0, "loss": 1.7099229097366333, "epsilon": 0.6057704364907278, "_timestamp": 1717462753.4033558, "_runtime": 5.324449777603149, "_step": 99, "_wandb": {"runtime": 4}}