{"episode": 99, "reward": 135.0, "loss": 0.1866568922996521, "epsilon": 0.6057704364907278, "_timestamp": 1717455092.282676, "_runtime": 6.22290301322937, "_step": 99, "_wandb": {"runtime": 5}}