{"episode": 99, "reward": 131.0, "loss": 0.06667980551719666, "epsilon": 0.6057704364907278, "_timestamp": 1717475016.1227012, "_runtime": 5.451869249343872, "_step": 99, "_wandb": {"runtime": 5}}