{"episode": 99, "reward": 64.0, "loss": 0.05691388621926308, "epsilon": 0.6057704364907278, "_timestamp": 1717470898.772927, "_runtime": 5.368380069732666, "_step": 99, "_wandb": {"runtime": 4}}