{"episode": 99, "reward": 124.0, "loss": 0.2688271403312683, "epsilon": 0.6057704364907278, "_timestamp": 1717464179.882138, "_runtime": 5.2442169189453125, "_step": 99, "_wandb": {"runtime": 4}}