{"episode": 99, "reward": 42.0, "loss": 0.6543874144554138, "epsilon": 0.6057704364907278, "_timestamp": 1717467621.55533, "_runtime": 5.120902061462402, "_step": 99, "_wandb": {"runtime": 4}}