{"episode": 99, "reward": 19.0, "loss": 0.6673895716667175, "epsilon": 0.6057704364907278, "_timestamp": 1717470996.657909, "_runtime": 5.596041917800903, "_step": 99, "_wandb": {"runtime": 5}}