{"episode": 99, "reward": 33.0, "loss": 0.5131406188011169, "epsilon": 0.6057704364907278, "_timestamp": 1717468484.343172, "_runtime": 5.512706995010376, "_step": 99, "_wandb": {"runtime": 5}}