{"episode": 99, "reward": 54.0, "loss": 1.3050416707992554, "epsilon": 0.6057704364907278, "_timestamp": 1717471376.434577, "_runtime": 5.142823934555054, "_step": 99, "_wandb": {"runtime": 4}}