{"episode": 99, "reward": 79.0, "loss": 0.2626607120037079, "epsilon": 0.6057704364907278, "_timestamp": 1717466252.885421, "_runtime": 4.953685998916626, "_step": 99, "_wandb": {"runtime": 4}}