{"episode": 99, "reward": 26.0, "loss": 0.4937697947025299, "epsilon": 0.6057704364907278, "_timestamp": 1717471074.513482, "_runtime": 4.9437689781188965, "_step": 99, "_wandb": {"runtime": 4}}