{"episode": 99, "reward": 80.0, "loss": 0.4968852698802948, "epsilon": 0.6057704364907278, "_timestamp": 1717466547.694197, "_runtime": 5.442857027053833, "_step": 99, "_wandb": {"runtime": 5}}