{"episode": 99, "reward": 66.0, "loss": 0.33595535159111023, "epsilon": 0.6057704364907278, "_timestamp": 1717471011.640651, "_runtime": 5.088248014450073, "_step": 99, "_wandb": {"runtime": 4}}