{"episode": 99, "reward": 51.0, "loss": 0.11109766364097595, "epsilon": 0.6057704364907278, "_timestamp": 1717463443.040468, "_runtime": 5.544059991836548, "_step": 99, "_wandb": {"runtime": 5}}