{"episode": 99, "reward": 51.0, "loss": 0.07473406940698624, "epsilon": 0.6057704364907278, "_timestamp": 1717454640.937397, "_runtime": 5.23031210899353, "_step": 99, "_wandb": {"runtime": 4}}