{"episode": 99, "reward": 22.0, "loss": 0.09503679722547531, "epsilon": 0.6057704364907278, "_timestamp": 1717475151.623164, "_runtime": 8.286792993545532, "_step": 99, "_wandb": {"runtime": 7}}