{"episode": 99, "reward": 30.0, "loss": 0.29484638571739197, "epsilon": 0.6057704364907278, "_timestamp": 1717461703.8262122, "_runtime": 15.681013107299805, "_step": 99, "_wandb": {"runtime": 15}}