{"episode": 99, "reward": 118.0, "loss": 0.14012961089611053, "epsilon": 0.6057704364907278, "_timestamp": 1717454627.061314, "_runtime": 6.469293117523193, "_step": 99, "_wandb": {"runtime": 6}}