{"episode": 99, "reward": 17.0, "loss": 0.48406094312667847, "epsilon": 0.6057704364907278, "_timestamp": 1717464163.866714, "_runtime": 4.927215099334717, "_step": 99, "_wandb": {"runtime": 4}}