{"episode": 99, "reward": 32.0, "loss": 0.19954648613929749, "epsilon": 0.6057704364907278, "_timestamp": 1717465441.695977, "_runtime": 5.449687957763672, "_step": 99, "_wandb": {"runtime": 5}}