{"episode": 99, "reward": 52.0, "loss": 0.46990424394607544, "epsilon": 0.6057704364907278, "_timestamp": 1717455351.124581, "_runtime": 5.321186065673828, "_step": 99, "_wandb": {"runtime": 4}}