{"episode": 99, "reward": 15.0, "loss": 0.6928596496582031, "epsilon": 0.6057704364907278, "_timestamp": 1717469554.96575, "_runtime": 4.942806005477905, "_step": 99, "_wandb": {"runtime": 4}}