{"episode": 99, "reward": 42.0, "loss": 0.3318387269973755, "epsilon": 0.6057704364907278, "_timestamp": 1717464310.65442, "_runtime": 5.221725940704346, "_step": 99, "_wandb": {"runtime": 4}}