{"episode": 99, "reward": 133.0, "loss": 0.5004114508628845, "epsilon": 0.6057704364907278, "_timestamp": 1717461762.787752, "_runtime": 5.59447979927063, "_step": 99, "_wandb": {"runtime": 5}}