{"episode": 99, "reward": 135.0, "loss": 0.5384088158607483, "epsilon": 0.6057704364907278, "_timestamp": 1717466650.1973708, "_runtime": 8.469145774841309, "_step": 99, "_wandb": {"runtime": 8}}