{"episode": 99, "reward": 22.0, "loss": 0.9303891658782959, "epsilon": 0.6057704364907278, "_timestamp": 1717465961.4485052, "_runtime": 5.734230279922485, "_step": 99, "_wandb": {"runtime": 5}}