{"episode": 99, "reward": 135.0, "loss": 0.9531751275062561, "epsilon": 0.6057704364907278, "_timestamp": 1717469012.217705, "_runtime": 5.107764959335327, "_step": 99, "_wandb": {"runtime": 4}}