{"episode": 99, "reward": 13.0, "loss": 0.7184127569198608, "epsilon": 0.6057704364907278, "_timestamp": 1717464626.9217, "_runtime": 4.9367899894714355, "_step": 99, "_wandb": {"runtime": 4}}