{"episode": 99, "reward": 19.0, "loss": 0.15773731470108032, "epsilon": 0.6057704364907278, "_timestamp": 1717464134.0753338, "_runtime": 6.5815348625183105, "_step": 99, "_wandb": {"runtime": 6}}