{"episode": 99, "reward": 72.0, "loss": 0.25827842950820923, "epsilon": 0.6057704364907278, "_timestamp": 1717474889.3933141, "_runtime": 5.66473913192749, "_step": 99, "_wandb": {"runtime": 4}}