{"episode": 99, "reward": 62.0, "loss": 0.28222161531448364, "epsilon": 0.6057704364907278, "_timestamp": 1717465501.2240288, "_runtime": 9.425726890563965, "_step": 99, "_wandb": {"runtime": 9}}