{"episode": 99, "reward": 34.0, "loss": 0.07182198762893677, "epsilon": 0.6057704364907278, "_timestamp": 1717466120.2739751, "_runtime": 5.9219841957092285, "_step": 99, "_wandb": {"runtime": 5}}