{"episode": 99, "reward": 13.0, "loss": 0.38979339599609375, "epsilon": 0.6057704364907278, "_timestamp": 1717465930.527044, "_runtime": 6.008326053619385, "_step": 99, "_wandb": {"runtime": 5}}