{"episode": 99, "reward": 92.0, "loss": 1.1692743301391602, "epsilon": 0.6057704364907278, "_timestamp": 1717467286.6709828, "_runtime": 5.952448844909668, "_step": 99, "_wandb": {"runtime": 5}}