{"episode": 99, "reward": 26.0, "loss": 0.5445753335952759, "epsilon": 0.6057704364907278, "_timestamp": 1717455025.415243, "_runtime": 5.1908040046691895, "_step": 99, "_wandb": {"runtime": 4}}