{"episode": 99, "reward": 46.0, "loss": 1.02133047580719, "epsilon": 0.6057704364907278, "_timestamp": 1717471281.809515, "_runtime": 5.303124904632568, "_step": 99, "_wandb": {"runtime": 4}}