{"episode": 99, "reward": 147.0, "loss": 0.29380443692207336, "epsilon": 0.6057704364907278, "_timestamp": 1717464469.2725341, "_runtime": 7.85176420211792, "_step": 99, "_wandb": {"runtime": 7}}