{"episode": 99, "reward": 49.0, "loss": 0.13061708211898804, "epsilon": 0.6057704364907278, "_timestamp": 1717466300.864817, "_runtime": 5.342854022979736, "_step": 99, "_wandb": {"runtime": 4}}