{"episode": 99, "reward": 11.0, "loss": 0.20695793628692627, "epsilon": 0.6057704364907278, "_timestamp": 1717467450.941518, "_runtime": 5.672072172164917, "_step": 99, "_wandb": {"runtime": 5}}