{"episode": 99, "reward": 93.0, "loss": 0.14972731471061707, "epsilon": 0.6057704364907278, "_timestamp": 1717474629.07141, "_runtime": 6.243911981582642, "_step": 99, "_wandb": {"runtime": 5}}