{"episode": 99, "reward": 27.0, "loss": 1.1709985733032227, "epsilon": 0.6057704364907278, "_timestamp": 1717469637.8125272, "_runtime": 5.249527215957642, "_step": 99, "_wandb": {"runtime": 4}}