{"episode": 99, "reward": 54.0, "loss": 0.21741636097431183, "epsilon": 0.6057704364907278, "_timestamp": 1717462861.884653, "_runtime": 6.647834062576294, "_step": 99, "_wandb": {"runtime": 6}}