{"episode": 99, "reward": 47.0, "loss": 0.13997581601142883, "epsilon": 0.6057704364907278, "_timestamp": 1717470583.4145632, "_runtime": 5.262318134307861, "_step": 99, "_wandb": {"runtime": 4}}