{"episode": 99, "reward": 62.0, "loss": 0.034267984330654144, "epsilon": 0.6057704364907278, "_timestamp": 1717470452.269349, "_runtime": 5.013900995254517, "_step": 99, "_wandb": {"runtime": 4}}