{"episode": 99, "reward": 76.0, "loss": 0.2684653401374817, "epsilon": 0.6057704364907278, "_timestamp": 1717471441.924177, "_runtime": 5.129926919937134, "_step": 99, "_wandb": {"runtime": 4}}