{"episode": 99, "reward": 156.0, "loss": 0.2804388701915741, "epsilon": 0.6057704364907278, "_timestamp": 1717472340.075246, "_runtime": 6.239914178848267, "_step": 99, "_wandb": {"runtime": 5}}