{"episode": 99, "reward": 40.0, "loss": 0.16127653419971466, "epsilon": 0.6057704364907278, "_timestamp": 1717455626.306114, "_runtime": 5.740095853805542, "_step": 99, "_wandb": {"runtime": 5}}