{"episode": 99, "reward": 148.0, "loss": 1.1438074111938477, "epsilon": 0.6057704364907278, "_timestamp": 1717470156.2333791, "_runtime": 5.329796075820923, "_step": 99, "_wandb": {"runtime": 4}}