{"episode": 99, "reward": 25.0, "loss": 0.18379300832748413, "epsilon": 0.6057704364907278, "_timestamp": 1717470008.89263, "_runtime": 4.922581195831299, "_step": 99, "_wandb": {"runtime": 4}}