{"episode": 99, "reward": 41.0, "loss": 0.3056006133556366, "epsilon": 0.6057704364907278, "_timestamp": 1717464782.900255, "_runtime": 5.0753090381622314, "_step": 99, "_wandb": {"runtime": 4}}