{"episode": 99, "reward": 47.0, "loss": 0.11951378732919693, "epsilon": 0.6057704364907278, "_timestamp": 1717470499.4787781, "_runtime": 5.022375106811523, "_step": 99, "_wandb": {"runtime": 4}}