{"episode": 99, "reward": 94.0, "loss": 0.05474323406815529, "epsilon": 0.6057704364907278, "_timestamp": 1717463509.235811, "_runtime": 5.091275930404663, "_step": 99, "_wandb": {"runtime": 4}}