{"episode": 99, "reward": 16.0, "loss": 0.06829801201820374, "epsilon": 0.6057704364907278, "_timestamp": 1717468794.17859, "_runtime": 6.484940052032471, "_step": 99, "_wandb": {"runtime": 6}}