{"episode": 99, "reward": 80.0, "loss": 0.06038461625576019, "epsilon": 0.6057704364907278, "_timestamp": 1717470382.53566, "_runtime": 7.086180925369263, "_step": 99, "_wandb": {"runtime": 6}}