{"episode": 99, "reward": 54.0, "loss": 1.291225552558899, "epsilon": 0.6057704364907278, "_timestamp": 1717470883.3608031, "_runtime": 5.4075610637664795, "_step": 99, "_wandb": {"runtime": 4}}