{"episode": 99, "reward": 183.0, "loss": 0.511893093585968, "epsilon": 0.6057704364907278, "_timestamp": 1717466285.46698, "_runtime": 5.920912027359009, "_step": 99, "_wandb": {"runtime": 5}}