{"episode": 99, "reward": 67.0, "loss": 0.15084046125411987, "epsilon": 0.6057704364907278, "_timestamp": 1717470953.4361339, "_runtime": 6.742053747177124, "_step": 99, "_wandb": {"runtime": 6}}