{"episode": 99, "reward": 54.0, "loss": 0.507831871509552, "epsilon": 0.6057704364907278, "_timestamp": 1717470536.2695, "_runtime": 5.347454071044922, "_step": 99, "_wandb": {"runtime": 4}}