{"episode": 99, "reward": 61.0, "loss": 0.12267244607210159, "epsilon": 0.6057704364907278, "_timestamp": 1717467301.8862689, "_runtime": 5.889264822006226, "_step": 99, "_wandb": {"runtime": 5}}