{"episode": 99, "reward": 50.0, "loss": 0.5920659899711609, "epsilon": 0.6057704364907278, "_timestamp": 1717454834.50435, "_runtime": 6.218194007873535, "_step": 99, "_wandb": {"runtime": 5}}