{"episode": 99, "reward": 57.0, "loss": 0.5907956957817078, "epsilon": 0.6057704364907278, "_timestamp": 1717469260.419399, "_runtime": 5.125051021575928, "_step": 99, "_wandb": {"runtime": 4}}