{"episode": 99, "reward": 42.0, "loss": 0.5637967586517334, "epsilon": 0.6057704364907278, "_timestamp": 1717463214.420867, "_runtime": 5.312402963638306, "_step": 99, "_wandb": {"runtime": 4}}