{"episode": 99, "reward": 46.0, "loss": 0.13289965689182281, "epsilon": 0.6057704364907278, "_timestamp": 1717470026.0860548, "_runtime": 6.438148736953735, "_step": 99, "_wandb": {"runtime": 5}}