{"episode": 99, "reward": 100.0, "loss": 0.2832598388195038, "epsilon": 0.6057704364907278, "_timestamp": 1717474549.671703, "_runtime": 6.408415079116821, "_step": 99, "_wandb": {"runtime": 6}}