{"episode": 99, "reward": 28.0, "loss": 0.03011418879032135, "epsilon": 0.6057704364907278, "_timestamp": 1717455044.226324, "_runtime": 5.948412179946899, "_step": 99, "_wandb": {"runtime": 5}}