{"episode": 99, "reward": 18.0, "loss": 0.5942556858062744, "epsilon": 0.6057704364907278, "_timestamp": 1717464227.3039172, "_runtime": 5.4583961963653564, "_step": 99, "_wandb": {"runtime": 5}}