{"episode": 99, "reward": 46.0, "loss": 0.07172174751758575, "epsilon": 0.6057704364907278, "_timestamp": 1717461864.620647, "_runtime": 5.33971095085144, "_step": 99, "_wandb": {"runtime": 4}}