{"episode": 99, "reward": 48.0, "loss": 0.04931984841823578, "epsilon": 0.6057704364907278, "_timestamp": 1717466221.7863219, "_runtime": 5.426073789596558, "_step": 99, "_wandb": {"runtime": 5}}