{"episode": 99, "reward": 28.0, "loss": 0.16781777143478394, "epsilon": 0.6057704364907278, "_timestamp": 1717466825.6223612, "_runtime": 5.610427141189575, "_step": 99, "_wandb": {"runtime": 5}}