{"episode": 99, "reward": 39.0, "loss": 0.0687275305390358, "epsilon": 0.6057704364907278, "_timestamp": 1717472023.909473, "_runtime": 4.94058895111084, "_step": 99, "_wandb": {"runtime": 4}}