{"episode": 99, "reward": 58.0, "loss": 0.42642050981521606, "epsilon": 0.6057704364907278, "_timestamp": 1717470708.68868, "_runtime": 5.0639050006866455, "_step": 99, "_wandb": {"runtime": 4}}