{"episode": 99, "reward": 72.0, "loss": 0.0859091505408287, "epsilon": 0.6057704364907278, "_timestamp": 1717465419.772081, "_runtime": 5.715566873550415, "_step": 99, "_wandb": {"runtime": 5}}