{"episode": 99, "reward": 87.0, "loss": 0.25328120589256287, "epsilon": 0.6057704364907278, "_timestamp": 1717464275.5575309, "_runtime": 5.579413890838623, "_step": 99, "_wandb": {"runtime": 5}}