{"episode": 99, "reward": 23.0, "loss": 0.11950602382421494, "epsilon": 0.6057704364907278, "_timestamp": 1717474533.592244, "_runtime": 5.702377796173096, "_step": 99, "_wandb": {"runtime": 5}}