{"episode": 99, "reward": 28.0, "loss": 0.1121937707066536, "epsilon": 0.6057704364907278, "_timestamp": 1717470236.9210591, "_runtime": 6.761131048202515, "_step": 99, "_wandb": {"runtime": 6}}