{"episode": 99, "reward": 126.0, "loss": 0.16098953783512115, "epsilon": 0.6057704364907278, "_timestamp": 1717472464.446273, "_runtime": 5.335957050323486, "_step": 99, "_wandb": {"runtime": 4}}