{"episode": 99, "reward": 88.0, "loss": 0.03547269478440285, "epsilon": 0.6057704364907278, "_timestamp": 1717469993.6369312, "_runtime": 5.2154600620269775, "_step": 99, "_wandb": {"runtime": 4}}