{"episode": 99, "reward": 93.0, "loss": 0.0540580153465271, "epsilon": 0.6057704364907278, "_timestamp": 1717471794.2911801, "_runtime": 6.702444076538086, "_step": 99, "_wandb": {"runtime": 6}}