{"episode": 99, "reward": 48.0, "loss": 0.17862725257873535, "epsilon": 0.6057704364907278, "_timestamp": 1717466532.203239, "_runtime": 5.730642080307007, "_step": 99, "_wandb": {"runtime": 5}}