{"episode": 99, "reward": 34.0, "loss": 0.13653185963630676, "epsilon": 0.6057704364907278, "_timestamp": 1717470804.0915751, "_runtime": 5.3429882526397705, "_step": 99, "_wandb": {"runtime": 4}}