{"episode": 99, "reward": 23.0, "loss": 0.05538392812013626, "epsilon": 0.6057704364907278, "_timestamp": 1717468777.6694632, "_runtime": 6.430307149887085, "_step": 99, "_wandb": {"runtime": 6}}