{"episode": 99, "reward": 36.0, "loss": 0.39309003949165344, "epsilon": 0.6057704364907278, "_timestamp": 1717465067.6485949, "_runtime": 5.871922969818115, "_step": 99, "_wandb": {"runtime": 5}}