{"episode": 99, "reward": 87.0, "loss": 0.28082752227783203, "epsilon": 0.6057704364907278, "_timestamp": 1717462068.173642, "_runtime": 5.167959928512573, "_step": 99, "_wandb": {"runtime": 4}}