{"episode": 99, "reward": 33.0, "loss": 0.7620267868041992, "epsilon": 0.6057704364907278, "_timestamp": 1717467005.526468, "_runtime": 5.158322095870972, "_step": 99, "_wandb": {"runtime": 4}}