{"episode": 99, "reward": 46.0, "loss": 0.6046648621559143, "epsilon": 0.6057704364907278, "_timestamp": 1717455499.009763, "_runtime": 5.4340479373931885, "_step": 99, "_wandb": {"runtime": 5}}