{"episode": 99, "reward": 55.0, "loss": 0.15783002972602844, "epsilon": 0.6057704364907278, "_timestamp": 1717472107.3095338, "_runtime": 5.144654750823975, "_step": 99, "_wandb": {"runtime": 4}}