{"episode": 99, "reward": 117.0, "loss": 0.19762006402015686, "epsilon": 0.6057704364907278, "_timestamp": 1717465394.6864462, "_runtime": 6.672412157058716, "_step": 99, "_wandb": {"runtime": 6}}