{"episode": 99, "reward": 94.0, "loss": 1.1039142608642578, "epsilon": 0.6057704364907278, "_timestamp": 1717472628.6908748, "_runtime": 5.289961814880371, "_step": 99, "_wandb": {"runtime": 4}}