{"episode": 99, "reward": 55.0, "loss": 0.23631487786769867, "epsilon": 0.6057704364907278, "_timestamp": 1717470139.995351, "_runtime": 5.074665069580078, "_step": 99, "_wandb": {"runtime": 4}}