{"episode": 99, "reward": 81.0, "loss": 0.17277516424655914, "epsilon": 0.6057704364907278, "_timestamp": 1717462988.3411882, "_runtime": 5.34699821472168, "_step": 99, "_wandb": {"runtime": 4}}