{"episode": 99, "reward": 54.0, "loss": 0.058760132640600204, "epsilon": 0.6057704364907278, "_timestamp": 1717469345.802969, "_runtime": 5.893279075622559, "_step": 99, "_wandb": {"runtime": 5}}