{"episode": 99, "reward": 73.0, "loss": 0.31766486167907715, "epsilon": 0.6057704364907278, "_timestamp": 1717462220.46596, "_runtime": 5.5256171226501465, "_step": 99, "_wandb": {"runtime": 5}}