{"episode": 99, "reward": 90.0, "loss": 0.16458451747894287, "epsilon": 0.6057704364907278, "_timestamp": 1717463308.400744, "_runtime": 5.11556601524353, "_step": 99, "_wandb": {"runtime": 4}}