{"episode": 99, "reward": 111.0, "loss": 0.2997921407222748, "epsilon": 0.6057704364907278, "_timestamp": 1717472432.494137, "_runtime": 4.7273781299591064, "_step": 99, "_wandb": {"runtime": 4}}