{"episode": 99, "reward": 46.0, "loss": 0.26129916310310364, "epsilon": 0.6057704364907278, "_timestamp": 1717469315.289022, "_runtime": 6.091347932815552, "_step": 99, "_wandb": {"runtime": 5}}