{"episode": 99, "reward": 12.0, "loss": 0.7454253435134888, "epsilon": 0.6057704364907278, "_timestamp": 1717470124.382744, "_runtime": 5.064267158508301, "_step": 99, "_wandb": {"runtime": 4}}