{"episode": 99, "reward": 51.0, "loss": 0.13631998002529144, "epsilon": 0.6057704364907278, "_timestamp": 1717465036.0432498, "_runtime": 5.59900975227356, "_step": 99, "_wandb": {"runtime": 5}}