{"episode": 99, "reward": 52.0, "loss": 0.4983815550804138, "epsilon": 0.6057704364907278, "_timestamp": 1717468981.110274, "_runtime": 5.201743125915527, "_step": 99, "_wandb": {"runtime": 4}}