{"episode": 99, "reward": 29.0, "loss": 0.0951179787516594, "epsilon": 0.6057704364907278, "_timestamp": 1717472495.649717, "_runtime": 4.886555194854736, "_step": 99, "_wandb": {"runtime": 4}}