{"episode": 99, "reward": 116.0, "loss": 0.3119431734085083, "epsilon": 0.6057704364907278, "_timestamp": 1717469329.414012, "_runtime": 5.233412981033325, "_step": 99, "_wandb": {"runtime": 4}}