{"episode": 99, "reward": 66.0, "loss": 0.1734626144170761, "epsilon": 0.6057704364907278, "_timestamp": 1717467573.029482, "_runtime": 5.356392860412598, "_step": 99, "_wandb": {"runtime": 4}}