{"episode": 99, "reward": 81.0, "loss": 0.071531742811203, "epsilon": 0.6057704364907278, "_timestamp": 1717455754.05134, "_runtime": 6.750385999679565, "_step": 99, "_wandb": {"runtime": 6}}