{"episode": 99, "reward": 69.0, "loss": 0.2670099437236786, "epsilon": 0.6057704364907278, "_timestamp": 1717470304.5581582, "_runtime": 5.647752046585083, "_step": 99, "_wandb": {"runtime": 5}}