{"episode": 99, "reward": 71.0, "loss": 0.1283230036497116, "epsilon": 0.6057704364907278, "_timestamp": 1717469410.434956, "_runtime": 6.62059211730957, "_step": 99, "_wandb": {"runtime": 6}}