{"episode": 99, "reward": 13.0, "loss": 0.025524623692035675, "epsilon": 0.6057704364907278, "_timestamp": 1717475216.486088, "_runtime": 5.4881250858306885, "_step": 99, "_wandb": {"runtime": 5}}