{"episode": 99, "reward": 75.0, "loss": 0.24072225391864777, "epsilon": 0.6057704364907278, "_timestamp": 1717467487.576191, "_runtime": 5.016722917556763, "_step": 99, "_wandb": {"runtime": 4}}