{"episode": 99, "reward": 74.0, "loss": 0.2313614785671234, "epsilon": 0.6057704364907278, "_timestamp": 1717465602.156169, "_runtime": 5.804749011993408, "_step": 99, "_wandb": {"runtime": 5}}