{"episode": 99, "reward": 33.0, "loss": 0.47030261158943176, "epsilon": 0.6057704364907278, "_timestamp": 1717463664.891954, "_runtime": 4.995462894439697, "_step": 99, "_wandb": {"runtime": 4}}