{"episode": 99, "reward": 28.0, "loss": 0.8499355316162109, "epsilon": 0.6057704364907278, "_timestamp": 1717466433.8507872, "_runtime": 8.25827407836914, "_step": 99, "_wandb": {"runtime": 7}}