{"episode": 99, "reward": 34.0, "loss": 0.1941504180431366, "epsilon": 0.6057704364907278, "_timestamp": 1717455452.491561, "_runtime": 5.888430833816528, "_step": 99, "_wandb": {"runtime": 5}}