{"episode": 99, "reward": 162.0, "loss": 0.6551793813705444, "epsilon": 0.6057704364907278, "_timestamp": 1717472574.80103, "_runtime": 4.856525897979736, "_step": 99, "_wandb": {"runtime": 4}}