{"episode": 99, "reward": 12.0, "loss": 0.0959005206823349, "epsilon": 0.6057704364907278, "_timestamp": 1717471830.564181, "_runtime": 5.838835000991821, "_step": 99, "_wandb": {"runtime": 5}}