{"episode": 99, "reward": 13.0, "loss": 0.8056960105895996, "epsilon": 0.6057704364907278, "_timestamp": 1717466857.065769, "_runtime": 5.319988965988159, "_step": 99, "_wandb": {"runtime": 4}}