{"episode": 99, "reward": 75.0, "loss": 0.1392085999250412, "epsilon": 0.6057704364907278, "_timestamp": 1717462957.696032, "_runtime": 5.665552139282227, "_step": 99, "_wandb": {"runtime": 5}}