{"episode": 99, "reward": 19.0, "loss": 0.23210126161575317, "epsilon": 0.6057704364907278, "_timestamp": 1717465020.094389, "_runtime": 5.328588962554932, "_step": 99, "_wandb": {"runtime": 4}}