{"episode": 99, "reward": 55.0, "loss": 0.23159542679786682, "epsilon": 0.6057704364907278, "_timestamp": 1717464594.156414, "_runtime": 5.064962148666382, "_step": 99, "_wandb": {"runtime": 4}}