{"episode": 99, "reward": 42.0, "loss": 0.7157301306724548, "epsilon": 0.6057704364907278, "_timestamp": 1717470468.022934, "_runtime": 5.069269895553589, "_step": 99, "_wandb": {"runtime": 4}}