{"episode": 99, "reward": 41.0, "loss": 0.6980975270271301, "epsilon": 0.6057704364907278, "_timestamp": 1717466001.189591, "_runtime": 8.153208017349243, "_step": 99, "_wandb": {"runtime": 7}}