{"episode": 99, "reward": 55.0, "loss": 0.5772095322608948, "epsilon": 0.6057704364907278, "_timestamp": 1717462559.191433, "_runtime": 5.434556007385254, "_step": 99, "_wandb": {"runtime": 5}}