{"episode": 99, "reward": 18.0, "loss": 0.20109376311302185, "epsilon": 0.6057704364907278, "_timestamp": 1717469590.6922848, "_runtime": 5.3232457637786865, "_step": 99, "_wandb": {"runtime": 4}}