{"episode": 99, "reward": 28.0, "loss": 0.1478816270828247, "epsilon": 0.6057704364907278, "_timestamp": 1717454865.1684139, "_runtime": 5.616829872131348, "_step": 99, "_wandb": {"runtime": 5}}