{"episode": 99, "reward": 28.0, "loss": 0.6691315174102783, "epsilon": 0.6057704364907278, "_timestamp": 1717465359.019671, "_runtime": 5.2788450717926025, "_step": 99, "_wandb": {"runtime": 4}}