{"episode": 99, "reward": 83.0, "loss": 0.2278573215007782, "epsilon": 0.6057704364907278, "_timestamp": 1717462939.718049, "_runtime": 8.238037109375, "_step": 99, "_wandb": {"runtime": 7}}