{"episode": 99, "reward": 72.0, "loss": 0.07867243885993958, "epsilon": 0.6057704364907278, "_timestamp": 1717462625.2124422, "_runtime": 8.135208129882812, "_step": 99, "_wandb": {"runtime": 7}}