{"episode": 99, "reward": 25.0, "loss": 0.1292293518781662, "epsilon": 0.6057704364907278, "_timestamp": 1717474605.945385, "_runtime": 5.655133008956909, "_step": 99, "_wandb": {"runtime": 5}}