{"episode": 99, "reward": 43.0, "loss": 0.1197730302810669, "epsilon": 0.6057704364907278, "_timestamp": 1717462821.423821, "_runtime": 5.24556303024292, "_step": 99, "_wandb": {"runtime": 4}}