{"episode": 99, "reward": 200.0, "loss": 0.5259741544723511, "epsilon": 0.6057704364907278, "_timestamp": 1717464578.545898, "_runtime": 5.524625062942505, "_step": 99, "_wandb": {"runtime": 4}}