{"episode": 99, "reward": 110.0, "loss": 0.30603736639022827, "epsilon": 0.6057704364907278, "_timestamp": 1717470756.132697, "_runtime": 4.855954170227051, "_step": 99, "_wandb": {"runtime": 4}}