{"episode": 99, "reward": 53.0, "loss": 0.09130910784006119, "epsilon": 0.6057704364907278, "_timestamp": 1717469847.966414, "_runtime": 4.854604959487915, "_step": 99, "_wandb": {"runtime": 4}}