{"episode": 99, "reward": 16.0, "loss": 0.05083935335278511, "epsilon": 0.6057704364907278, "_timestamp": 1717470836.1630652, "_runtime": 5.536274194717407, "_step": 99, "_wandb": {"runtime": 5}}