{"episode": 99, "reward": 51.0, "loss": 0.12047120928764343, "epsilon": 0.6057704364907278, "_timestamp": 1717472008.2918882, "_runtime": 5.115858316421509, "_step": 99, "_wandb": {"runtime": 4}}