{"episode": 99, "reward": 45.0, "loss": 0.09475976973772049, "epsilon": 0.6057704364907278, "_timestamp": 1717469606.146731, "_runtime": 4.910374879837036, "_step": 99, "_wandb": {"runtime": 4}}