{"episode": 99, "reward": 11.0, "loss": 0.5036967992782593, "epsilon": 0.6057704364907278, "_timestamp": 1717470867.382845, "_runtime": 4.963677883148193, "_step": 99, "_wandb": {"runtime": 4}}