{"episode": 99, "reward": 21.0, "loss": 0.08203499019145966, "epsilon": 0.6057704364907278, "_timestamp": 1717462543.697639, "_runtime": 5.586106061935425, "_step": 99, "_wandb": {"runtime": 5}}