{"episode": 99, "reward": 96.0, "loss": 0.07374988496303558, "epsilon": 0.6057704364907278, "_timestamp": 1717468816.920715, "_runtime": 6.142656087875366, "_step": 99, "_wandb": {"runtime": 5}}