{"episode": 99, "reward": 12.0, "loss": 0.6538273096084595, "epsilon": 0.6057704364907278, "_timestamp": 1717461830.58223, "_runtime": 7.329979181289673, "_step": 99, "_wandb": {"runtime": 6}}