{"episode": 99, "reward": 113.0, "loss": 0.07295193523168564, "epsilon": 0.6057704364907278, "_timestamp": 1717464871.724448, "_runtime": 6.569499969482422, "_step": 99, "_wandb": {"runtime": 6}}