{"episode": 99, "reward": 31.0, "loss": 0.6807571649551392, "epsilon": 0.6057704364907278, "_timestamp": 1717468948.9206789, "_runtime": 4.8476197719573975, "_step": 99, "_wandb": {"runtime": 4}}