{"episode": 99, "reward": 163.0, "loss": 1.4343987703323364, "epsilon": 0.6057704364907278, "_timestamp": 1717466990.09899, "_runtime": 5.388895034790039, "_step": 99, "_wandb": {"runtime": 5}}