{"episode": 99, "reward": 59.0, "loss": 0.6573037505149841, "epsilon": 0.6057704364907278, "_timestamp": 1717466484.440945, "_runtime": 4.788697957992554, "_step": 99, "_wandb": {"runtime": 4}}