{"episode": 99, "reward": 33.0, "loss": 0.26579049229621887, "epsilon": 0.6057704364907278, "_timestamp": 1717455735.989422, "_runtime": 5.333073139190674, "_step": 99, "_wandb": {"runtime": 4}}