{"episode": 99, "reward": 90.0, "loss": 0.2856842279434204, "epsilon": 0.6057704364907278, "_timestamp": 1717467033.8794408, "_runtime": 5.477848768234253, "_step": 99, "_wandb": {"runtime": 5}}