{"episode": 99, "reward": 25.0, "loss": 0.47265011072158813, "epsilon": 0.6057704364907278, "_timestamp": 1717462006.14703, "_runtime": 5.186384201049805, "_step": 99, "_wandb": {"runtime": 4}}