{"episode": 99, "reward": 138.0, "loss": 1.0606107711791992, "epsilon": 0.6057704364907278, "_timestamp": 1717464658.3925178, "_runtime": 4.869456768035889, "_step": 99, "_wandb": {"runtime": 4}}