{"episode": 99, "reward": 145.0, "loss": 0.10994460433721542, "epsilon": 0.6057704364907278, "_timestamp": 1717471861.075489, "_runtime": 5.385563135147095, "_step": 99, "_wandb": {"runtime": 4}}