{"episode": 99, "reward": 136.0, "loss": 0.3381355106830597, "epsilon": 0.6057704364907278, "_timestamp": 1717465338.1413472, "_runtime": 5.4289562702178955, "_step": 99, "_wandb": {"runtime": 4}}