{"episode": 99, "reward": 79.0, "loss": 0.13977649807929993, "epsilon": 0.6057704364907278, "_timestamp": 1717474747.9571352, "_runtime": 18.194469213485718, "_step": 99, "_wandb": {"runtime": 17}}