{"episode": 99, "reward": 138.0, "loss": 0.9303231835365295, "epsilon": 0.6057704364907278, "_timestamp": 1717461848.9283268, "_runtime": 5.086477756500244, "_step": 99, "_wandb": {"runtime": 4}}