{"episode": 99, "reward": 14.0, "loss": 0.5415526628494263, "epsilon": 0.6057704364907278, "_timestamp": 1717466083.655759, "_runtime": 6.471185207366943, "_step": 99, "_wandb": {"runtime": 5}}