{"episode": 99, "reward": 19.0, "loss": 0.9266688823699951, "epsilon": 0.6057704364907278, "_timestamp": 1717463395.222286, "_runtime": 5.180402040481567, "_step": 99, "_wandb": {"runtime": 4}}