{"episode": 99, "reward": 28.0, "loss": 2.3290915489196777, "epsilon": 0.6057704364907278, "_timestamp": 1717461363.509047, "_runtime": 71.5751941204071, "_step": 99, "_wandb": {"runtime": 6}}