{"episode": 99, "reward": 66.0, "loss": 0.456473171710968, "epsilon": 0.6057704364907278, "_timestamp": 1717466469.049015, "_runtime": 5.393818140029907, "_step": 99, "_wandb": {"runtime": 4}}