{"episode": 99, "reward": 28.0, "loss": 0.16001226007938385, "epsilon": 0.6057704364907278, "_timestamp": 1717462167.821324, "_runtime": 5.21421217918396, "_step": 99, "_wandb": {"runtime": 4}}