{"episode": 99, "reward": 80.0, "loss": 0.12301091849803925, "epsilon": 0.6057704364907278, "_timestamp": 1717463051.5707278, "_runtime": 5.440529823303223, "_step": 99, "_wandb": {"runtime": 5}}