{"episode": 99, "reward": 107.0, "loss": 0.3891161382198334, "epsilon": 0.6057704364907278, "_timestamp": 1717462721.41369, "_runtime": 5.243605136871338, "_step": 99, "_wandb": {"runtime": 4}}