{"episode": 99, "reward": 15.0, "loss": 0.29957491159439087, "epsilon": 0.6057704364907278, "_timestamp": 1717471845.5415611, "_runtime": 5.449866056442261, "_step": 99, "_wandb": {"runtime": 5}}