{"episode": 99, "reward": 86.0, "loss": 0.3421712815761566, "epsilon": 0.6057704364907278, "_timestamp": 1717455242.444013, "_runtime": 5.440809011459351, "_step": 99, "_wandb": {"runtime": 5}}