{"episode": 99, "reward": 49.0, "loss": 0.13890869915485382, "epsilon": 0.6057704364907278, "_timestamp": 1717462204.460426, "_runtime": 5.138379096984863, "_step": 99, "_wandb": {"runtime": 4}}