{"episode": 99, "reward": 69.0, "loss": 0.5432486534118652, "epsilon": 0.6057704364907278, "_timestamp": 1717465850.8992908, "_runtime": 5.599851846694946, "_step": 99, "_wandb": {"runtime": 5}}