{"episode": 99, "reward": 57.0, "loss": 0.7422305941581726, "epsilon": 0.6057704364907278, "_timestamp": 1717464258.6379771, "_runtime": 5.203039169311523, "_step": 99, "_wandb": {"runtime": 4}}