{"episode": 99, "reward": 65.0, "loss": 0.05223414674401283, "epsilon": 0.6057704364907278, "_timestamp": 1717463477.328974, "_runtime": 5.31547999382019, "_step": 99, "_wandb": {"runtime": 4}}