{"episode": 99, "reward": 31.0, "loss": 0.16102160513401031, "epsilon": 0.6057704364907278, "_timestamp": 1717455179.408803, "_runtime": 5.12448787689209, "_step": 99, "_wandb": {"runtime": 4}}