{"episode": 99, "reward": 74.0, "loss": 0.19737622141838074, "epsilon": 0.6057704364907278, "_timestamp": 1717465681.269571, "_runtime": 5.5022711753845215, "_step": 99, "_wandb": {"runtime": 5}}