{"episode": 99, "reward": 95.0, "loss": 0.27421998977661133, "epsilon": 0.6057704364907278, "_timestamp": 1717463130.384178, "_runtime": 5.365821838378906, "_step": 99, "_wandb": {"runtime": 5}}