{"episode": 99, "reward": 107.0, "loss": 0.8129627704620361, "epsilon": 0.6057704364907278, "_timestamp": 1717464643.1840472, "_runtime": 5.349874258041382, "_step": 99, "_wandb": {"runtime": 4}}