{"episode": 99, "reward": 23.0, "loss": 0.8463499546051025, "epsilon": 0.6057704364907278, "_timestamp": 1717461927.131573, "_runtime": 5.316534996032715, "_step": 99, "_wandb": {"runtime": 4}}