{"episode": 99, "reward": 28.0, "loss": 0.10805869102478027, "epsilon": 0.6057704364907278, "_timestamp": 1717464814.6128588, "_runtime": 5.711958885192871, "_step": 99, "_wandb": {"runtime": 5}}