{"episode": 99, "reward": 161.0, "loss": 0.9224374294281006, "epsilon": 0.6057704364907278, "_timestamp": 1717472276.3561778, "_runtime": 5.211561918258667, "_step": 99, "_wandb": {"runtime": 4}}