{"episode": 99, "reward": 39.0, "loss": 0.8307045698165894, "epsilon": 0.6057704364907278, "_timestamp": 1717455819.6065202, "_runtime": 4.74251127243042, "_step": 99, "_wandb": {"runtime": 4}}