{"episode": 99, "reward": 144.0, "loss": 0.3292924761772156, "epsilon": 0.6057704364907278, "_timestamp": 1717454682.446, "_runtime": 9.230211019515991, "_step": 99, "_wandb": {"runtime": 8}}