{"episode": 99, "reward": 65.0, "loss": 0.41721516847610474, "epsilon": 0.6057704364907278, "_timestamp": 1717468437.141171, "_runtime": 5.7199249267578125, "_step": 99, "_wandb": {"runtime": 5}}