{"episode": 99, "reward": 65.0, "loss": 0.6603609919548035, "epsilon": 0.6057704364907278, "_timestamp": 1717464910.26102, "_runtime": 5.811563968658447, "_step": 99, "_wandb": {"runtime": 5}}