{"episode": 99, "reward": 64.0, "loss": 0.3797200918197632, "epsilon": 0.6057704364907278, "_timestamp": 1717462308.019517, "_runtime": 5.376528024673462, "_step": 99, "_wandb": {"runtime": 5}}