{"episode": 99, "reward": 20.0, "loss": 0.5502527356147766, "epsilon": 0.6057704364907278, "_timestamp": 1717472416.9792771, "_runtime": 4.943315029144287, "_step": 99, "_wandb": {"runtime": 4}}