{"episode": 99, "reward": 32.0, "loss": 0.781429648399353, "epsilon": 0.6057704364907278, "_timestamp": 1717465564.948341, "_runtime": 5.225812911987305, "_step": 99, "_wandb": {"runtime": 4}}