{"episode": 99, "reward": 90.0, "loss": 0.07115671783685684, "epsilon": 0.6057704364907278, "_timestamp": 1717462121.1104581, "_runtime": 5.442698240280151, "_step": 99, "_wandb": {"runtime": 5}}